quarter,manufacturer,registrations,lag_q,lag_y,qoq_pct,yoy_pct
2024-04-01,Hero Motocorp Ltd,2007072,2690944.0,4241532.0,-25.41,-52.68
2024-04-01,Honda Motorcycle And Scooter India (P) Ltd,1606466,2190180.0,2435373.0,-26.65,-34.04
2024-04-01,Tvs Motor Company Ltd,1121977,1572424.0,2116933.0,-28.65,-47.0
2024-04-01,Bajaj Auto Ltd,890217,1310593.0,1784936.0,-32.08,-50.13
2024-04-01,Maruti Suzuki India Ltd,550657,921640.0,1114770.0,-40.25,-50.6
2024-04-01,Suzuki Motorcycle India Pvt Ltd,323125,454851.0,562089.0,-28.96,-42.51
2024-04-01,Royal-Enfield (Unit Of Eicher Ltd),278750,404638.0,589082.0,-31.11,-52.68
2024-04-01,Mahindra & Mahindra Limited,230342,387503.0,498926.0,-40.56,-53.83
2024-04-01,India Yamaha Motor Pvt Ltd,223130,331498.0,391122.0,-32.69,-42.95
2024-04-01,Hyundai Motor India Ltd,193598,298063.0,407232.0,-35.05,-52.46
2024-04-01,Tata Motors Passenger Vehicles Ltd,155668,258279.0,345369.0,-39.73,-54.93
2024-04-01,Ola Electric Technologies Pvt Ltd,147717,250498.0,210842.0,-41.03,-29.94
2024-04-01,Tata Motors Ltd,133712,208685.0,275837.0,-35.93,-51.52
2024-04-01,Toyota Kirloskar Motor Pvt Ltd,79914,126189.0,143225.0,-36.67,-44.2
2024-04-01,Kia India Private Limited,79876,124121.0,156814.0,-35.65,-49.06
2024-04-01,Ashok Leyland Ltd,62918,95079.0,135385.0,-33.83,-53.53
2024-04-01,Mahindra & Mahindra Limited (Tractor),60017,118846.0,156116.0,-49.5,-61.56
2024-04-01,Mahindra & Mahindra Limited (Swaraj Division),49683,93478.0,117877.0,-46.85,-57.85
2024-04-01,Piaggio Vehicles Pvt Ltd,38399,71344.0,81975.0,-46.18,-53.16
2024-04-01,Tafe Limited,34591,68773.0,94172.0,-49.7,-63.27
2024-04-01,International Tractors Limited,34056,65438.0,87239.0,-47.96,-60.96
2024-04-01,Escorts Kubota Limited (Agri Machinery Group),29159,50004.0,76553.0,-41.69,-61.91
2024-04-01,Ve Commercial Vehicles Ltd,27844,39338.0,63739.0,-29.22,-56.32
2024-04-01,Skoda Auto Volkswagen India Pvt Ltd,26616,42151.0,61931.0,-36.86,-57.02
2024-04-01,Mahindra Last Mile Mobility Ltd,23916,48057.0,549.0,-50.23,4256.28
2024-04-01,Honda Cars India Ltd,22553,45952.0,47404.0,-50.92,-52.42
2024-04-01,Tata Passenger Electric Mobility Ltd,21317,36703.0,29373.0,-41.92,-27.43
2024-04-01,Ather Energy Pvt Ltd,20767,72623.0,83931.0,-71.4,-75.26
2024-04-01,John Deere India Pvt Ltd(Tractor Devision),20313,35910.0,55591.0,-43.43,-63.46
2024-04-01,Mg Motor India Pvt Ltd,17599,24854.0,39487.0,-29.19,-55.43
2024-04-01,Eicher Tractors,17009,34812.0,38838.0,-51.14,-56.21
2024-04-01,Renault India Pvt Ltd,15618,22796.0,39171.0,-31.49,-60.13
2024-04-01,Yc Electric Vehicle,13623,20514.0,29204.0,-33.59,-53.35
2024-04-01,Jcb India Limited,13288,23766.0,25674.0,-44.09,-48.24
2024-04-01,Local Trailer Manufacturer,13230,26109.0,33755.0,-49.33,-60.81
2024-04-01,Cnh Industrial (India) Pvt Ltd,10913,20333.0,32773.0,-46.33,-66.7
2024-04-01,Classic Legends Pvt Ltd,10748,16409.0,22054.0,-34.5,-51.27
2024-04-01,Force Motors Limited,10650,16331.0,19383.0,-34.79,-45.05
2024-04-01,Greaves Electric Mobility Pvt Ltd,9246,16256.0,10092.0,-43.12,-8.38
2024-04-01,Saera Electric Auto Pvt Ltd,9065,13612.0,19158.0,-33.4,-52.68
2024-04-01,Atul Auto Ltd,8865,13118.0,14786.0,-32.42,-40.04
2024-04-01,Nissan Motor India Pvt Ltd,8789,15212.0,20811.0,-42.22,-57.77
2024-04-01,Daimler India Commercial Vehicles Pvt. Ltd,7871,12269.0,16398.0,-35.85,-52.0
2024-04-01,Dilli Electric Auto Pvt Ltd,7745,12589.0,18072.0,-38.48,-57.14
2024-04-01,Bmw India Pvt Ltd,6980,10682.0,15048.0,-34.66,-53.62
2024-04-01,Wardwizard Innovations & Mobility Limited,5164,5965.0,3456.0,-13.43,49.42
2024-04-01,Mercedes-Benz India Pvt Ltd,5145,8232.0,9921.0,-37.5,-48.14
2024-04-01,Sml Isuzu Ltd,5068,5032.0,11118.0,0.72,-54.42
2024-04-01,Mini Metro Ev L.L.P,4683,7088.0,11468.0,-33.93,-59.16
2024-04-01,Unique International,4624,6547.0,9716.0,-29.37,-52.41
2024-04-01,Kubota Agricultural Machinery India Pvt.Ltd.,4544,10224.0,14234.0,-55.56,-68.08
2024-04-01,Energy Electric Vehicles,4075,5999.0,6910.0,-32.07,-41.03
2024-04-01,Bgauss Auto Private Limited,3840,12292.0,8498.0,-68.76,-54.81
2024-04-01,Hotage India,3822,6587.0,9127.0,-41.98,-58.12
2024-04-01,Action Construction Equipment Ltd.,3600,6497.0,7891.0,-44.59,-54.38
2024-04-01,Champion Poly Plast,3574,5691.0,10217.0,-37.2,-65.02
2024-04-01,J. S. Auto (P) Ltd,3542,5831.0,8662.0,-39.26,-59.11
2024-04-01,Sks Trade India Pvt Ltd,3519,5383.0,6479.0,-34.63,-45.69
2024-04-01,Allfine Industries Pvt Ltd,3301,5314.0,7309.0,-37.88,-54.84
2024-04-01,Thukral Electric Bikes Pvt Ltd,2977,4574.0,4543.0,-34.91,-34.47
2024-04-01,Revolt Intellicorp Pvt Ltd,2955,3304.0,5503.0,-10.56,-46.3
2024-04-01,Khalsa E-Vehicles Pvt Ltd,2946,4567.0,5679.0,-35.49,-48.12
2024-04-01,Sahnianand E Vehicles Pvt Ltd,2875,4250.0,3902.0,-32.35,-26.32
2024-04-01,Kinetic Green Energy & Power Solutions Ltd,2710,13155.0,9350.0,-79.4,-71.02
2024-04-01,Lectrix Ev Pvt Ltd,2690,6553.0,8822.0,-58.95,-69.51
2024-04-01,Terra Motors India Pvt Ltd,2486,4427.0,5134.0,-43.84,-51.58
2024-04-01,Okinawa Autotech Pvt Ltd,2415,4373.0,27300.0,-44.77,-91.15
2024-04-01,Vani Electric Vehicles Pvt Ltd,2341,3815.0,5703.0,-38.64,-58.95
2024-04-01,Daksh Industries,2153,3571.0,3957.0,-39.71,-45.59
2024-04-01,Escorts Kubota Limited (Construction Equipment),2082,3318.0,3812.0,-37.25,-45.38
2024-04-01,Okaya Ev Pvt Ltd,2058,5418.0,18713.0,-62.02,-89.0
2024-04-01,Quantum Energy Ltd.,1997,2564.0,844.0,-22.11,136.61
2024-04-01,Pca Automobiles India Pvt Ltd,1979,3882.0,7657.0,-49.02,-74.15
2024-04-01,Ajax Engineering Pvt Ltd,1972,2490.0,3217.0,-20.8,-38.7
2024-04-01,Zeoplus Axis India Pvt. Ltd.,1937,2674.0,2058.0,-27.56,-5.88
2024-04-01,Best Way Agencies Pvt Ltd,1794,3214.0,5640.0,-44.18,-68.19
2024-04-01,Shri Barsana E-Vehicles Pvt Ltd,1697,2755.0,2447.0,-38.4,-30.65
2024-04-01,Pur Energy Pvt Ltd,1673,3334.0,5622.0,-49.82,-70.24
2024-04-01,Shema E- Vehcile & Solar Pvt Ltd,1638,1498.0,,9.35,
2024-04-01,G.K. Rickshaw,1565,2383.0,4345.0,-34.33,-63.98
2024-04-01,Fca India Automobiles Private Limited,1517,2571.0,5887.0,-41.0,-74.23
2024-04-01,Vijays Coolmax Private Limited,1508,2770.0,3657.0,-45.56,-58.76
2024-04-01,N0Va Automotive Technologies Pvt. Ltd,1502,2773.0,3484.0,-45.83,-56.89
2024-04-01,Mlr Auto Ltd,1450,1846.0,875.0,-21.45,65.71
2024-04-01,Hooghly Motors Pvt Ltd,1394,2308.0,2277.0,-39.6,-38.78
2024-04-01,Baxy Ltd,1331,1947.0,,-31.64,
2024-04-01,India Kawasaki Motors Pvt Ltd,1325,2309.0,2557.0,-42.62,-48.18
2024-04-01,Omega Seiki Pvt Ltd,1290,6260.0,1999.0,-79.39,-35.47
2024-04-01,Sathi Motors Electric Vehicle Pvt Ltd,1269,1462.0,1744.0,-13.2,-27.24
2024-04-01,Jaguar Land Rover India Limited,1252,1883.0,2444.0,-33.51,-48.77
2024-04-01,Arrow Automotive,1233,1314.0,3101.0,-6.16,-60.24
2024-04-01,Hero Electric Vehicles Pvt. Ltd,1164,2191.0,20407.0,-46.87,-94.3
2024-04-01,Nrj Electric Motor Vehicles Pvt Ltd,1142,1672.0,1599.0,-31.7,-28.58
2024-04-01,Zeniak Innovation India Ltd,1117,1611.0,1588.0,-30.66,-29.66
2024-04-01,Move Stone Services Pvt Ltd,1107,1799.0,1802.0,-38.47,-38.57
2024-04-01,Avl Electric Vehicles Pvt Ltd,1103,1546.0,1515.0,-28.65,-27.19
2024-04-01,Klb Komaki Pvt Ltd,1098,1737.0,3398.0,-36.79,-67.69
2024-04-01,Grd Motors,1093,1942.0,2644.0,-43.72,-58.66
2024-04-01,M/S Shriram Auto Tech Pvt Ltd,1064,1856.0,2937.0,-42.67,-63.77
2024-04-01,Ti Clean Mobility Pvt Ltd,1049,3151.0,123.0,-66.71,752.85
2024-04-01,T U K Industries,1046,1602.0,1854.0,-34.71,-43.58
2024-04-01,Altier Electric Vehicles Pvt Ltd,1032,1570.0,1451.0,-34.27,-28.88
2024-04-01,Paras Industries,1026,1770.0,2422.0,-42.03,-57.64
2024-04-01,Two Friends Auto Electric Co,1003,1912.0,3183.0,-47.54,-68.49
2024-04-01,Speego Vehicles Co Pvt Ltd,990,2175.0,3182.0,-54.48,-68.89
2024-04-01,U.P. Telelinks Limited,981,1564.0,1623.0,-37.28,-39.56
2024-04-01,Unique Enterprises,973,2127.0,2144.0,-54.25,-54.62
2024-04-01,Indo Farm Equipment Limited,909,1885.0,3091.0,-51.78,-70.59
2024-04-01,Bright Autozone Pvt Ltd,892,1566.0,2457.0,-43.04,-63.7
2024-04-01,Maa Shakti Exim Pvt Ltd,866,1363.0,1908.0,-36.46,-54.61
2024-04-01,Jmt Vehicles Pvt Ltd,864,1085.0,267.0,-20.37,223.6
2024-04-01,Atut Sangam,834,1477.0,1550.0,-43.53,-46.19
2024-04-01,River Mobility Pvt Ltd,824,588.0,,40.14,
2024-04-01,Euler Motors Pvt Ltd,823,2525.0,1698.0,-67.41,-51.53
2024-04-01,Gayatri Electric Vehicles,810,1321.0,2031.0,-38.68,-60.12
2024-04-01,Supertech Ev Limited,786,1149.0,1534.0,-31.59,-48.76
2024-04-01,Caterpillar India Private Limited,781,1118.0,1434.0,-30.14,-45.54
2024-04-01,Indian Motors,774,1190.0,1581.0,-34.96,-51.04
2024-04-01,Victory Electric International,760,1339.0,2378.0,-43.24,-68.04
2024-04-01,Isuzu Motors India Pvt Ltd,753,1311.0,1658.0,-42.56,-54.58
2024-04-01,Exide Industries Ltd,749,1365.0,1813.0,-45.13,-58.69
2024-04-01,Bhm Industries,748,1116.0,1224.0,-32.97,-38.89
2024-04-01,Bhave Electric Vehicles Pvt Ltd,733,1420.0,1971.0,-48.38,-62.81
2024-04-01,Om Balajee Automobile ( India) Pvt. Ltd,724,1295.0,2085.0,-44.09,-65.28
2024-04-01,Aahana Commerce Pvt Ltd,719,750.0,613.0,-4.13,17.29
2024-04-01,Manita City Motors Llp,706,1040.0,1191.0,-32.12,-40.72
2024-04-01,Byd India Private Limited,672,1079.0,1632.0,-37.72,-58.82
2024-04-01,V.S.T. Tillers Tractors Limited,659,2292.0,2653.0,-71.25,-75.16
2024-04-01,Shriraj Electric Vehicles,652,1170.0,1692.0,-44.27,-61.47
2024-04-01,Gromax Agri Equipment Ltd,652,1930.0,1866.0,-66.22,-65.06
2024-04-01,Akg International,645,673.0,,-4.16,
2024-04-01,Case New Holland Construction Equipment(I) Pvt Ltd,636,1090.0,1425.0,-41.65,-55.37
2024-04-01,Star Bull E Motors,628,940.0,1632.0,-33.19,-61.52
2024-04-01,De Eusi Motors Pvt Ltd.,626,741.0,1320.0,-15.52,-52.58
2024-04-01,Kaptech India Pvt Ltd,624,1088.0,1236.0,-42.65,-49.51
2024-04-01,Ssb Indistries,624,1353.0,2260.0,-53.88,-72.39
2024-04-01,Kartar Agro Industries Pvt Ltd,619,724.0,2429.0,-14.5,-74.52
2024-04-01,Battre Electric Moblity Pvt Ltd,616,2534.0,6108.0,-75.69,-89.91
2024-04-01,Delta Autocorp Llp,610,1253.0,1876.0,-51.32,-67.48
2024-04-01,Gopal Auto Motors Pvt Ltd,610,722.0,1158.0,-15.51,-47.32
2024-04-01,Manku Agro Tech Pvt Ltd,601,1437.0,2432.0,-58.18,-75.29
2024-04-01,Mercedes -Benz Ag,578,687.0,714.0,-15.87,-19.05
2024-04-01,Unique Auto Electric,569,549.0,,3.64,
2024-04-01,Top Team Machines Pvt Ltd,552,699.0,1238.0,-21.03,-55.41
2024-04-01,Goreen E-Mobility Pvt Ltd,550,904.0,2578.0,-39.16,-78.67
2024-04-01,Zenmo Private Limited,548,3.0,,18166.67,
2024-04-01,Volvo Auto India Pvt Ltd,544,1175.0,1451.0,-53.7,-62.51
2024-04-01,Ampere Vehicles Private Limited,543,894.0,59840.0,-39.26,-99.09
2024-04-01,Keto Motors Pvt Ltd,526,2.0,3.0,26200.0,17433.33
2024-04-01,Kumar Engineering,518,1378.0,2018.0,-62.41,-74.33
2024-04-01,Elite Auto Engineers Pvt Ltd,504,913.0,720.0,-44.8,-30.0
2024-04-01,Preet Tractors Pvt Ltd,504,1044.0,3802.0,-51.72,-86.74
2024-04-01,Big Bull Trader Pvt Ltd,502,764.0,665.0,-34.29,-24.51
2024-04-01,Capital Auto Industries,498,1120.0,1527.0,-55.54,-67.39
2024-04-01,Ambika Industries,498,926.0,1343.0,-46.22,-62.92
2024-04-01,Vimal Universal Trade Pvt Ltd,495,532.0,740.0,-6.95,-33.11
2024-04-01,Rayon Engineers,486,747.0,766.0,-34.94,-36.55
2024-04-01,Maniram Electric Vehicle Pvt Ltd,483,605.0,93.0,-20.17,419.35
2024-04-01,E Royce Motors India Pvt Ltd,480,10.0,1737.0,4700.0,-72.37
2024-04-01,Awachat Industries Ltd,472,614.0,705.0,-23.13,-33.05
2024-04-01,B24 Roket Ev,465,513.0,,-9.36,
2024-04-01,Odysse Electric Vehicles Pvt Ltd,462,205.0,210.0,125.37,120.0
2024-04-01,Krishna Engineering Works,462,638.0,591.0,-27.59,-21.83
2024-04-01,Adidev Technoa Pvt Ltd,448,662.0,379.0,-32.33,18.21
2024-04-01,M.K. Enterprises,437,544.0,619.0,-19.67,-29.4
2024-04-01,M/S Schwing Stetter (India) Private Limited,434,610.0,666.0,-28.85,-34.83
2024-04-01,Vrinda Enterprises,434,862.0,699.0,-49.65,-37.91
2024-04-01,Ashma-Motors Pvt Ltd,432,592.0,5.0,-27.03,8540.0
2024-04-01,Ravi Metal Works,430,116.0,,270.69,
2024-04-01,Tata Hitachi Construction Machinery Comp. Pvt Ltd,427,672.0,1058.0,-36.46,-59.64
2024-04-01,A.V.Automotives Pvt Ltd,417,562.0,879.0,-25.8,-52.56
2024-04-01,Others,414,5095.0,10880.0,-91.87,-96.19
2024-04-01,Lohia Auto Industries,414,703.0,1229.0,-41.11,-66.31
2024-04-01,Om Industries,414,433.0,3.0,-4.39,13700.0
2024-04-01,Autoeco Green Energy Pvt Ltd,403,759.0,460.0,-46.9,-12.39
2024-04-01,Eco Smart Vehicles Pvt Ltd,402,871.0,891.0,-53.85,-54.88
2024-04-01,All Terrain Crane,402,532.0,818.0,-24.44,-50.86
2024-04-01,Hindustan Motor Corporation,400,729.0,1160.0,-45.13,-65.52
2024-04-01,"Naik Trolley And Impl,Sng",393,1020.0,1208.0,-61.47,-67.47
2024-04-01,Seth Industrial Corporation,392,655.0,916.0,-40.15,-57.21
2024-04-01,"""Volvo Group India Pvt Ltd""",392,508.0,795.0,-22.83,-50.69
2024-04-01,Srd Renewables,388,910.0,1748.0,-57.36,-77.8
2024-04-01,Captain Tractors Pvt. Ltd.,386,3192.0,1254.0,-87.91,-69.22
2024-04-01,Triumph Motorcycles (India) Pvt Ltd,385,430.0,584.0,-10.47,-34.08
2024-04-01,Bull Machines Pvt Ltd,384,690.0,693.0,-44.35,-44.59
2024-04-01,Js Mobileon Pvt Ltd,376,433.0,612.0,-13.16,-38.56
2024-04-01,Jajodia Commodities Pvt Ltd,368,648.0,566.0,-43.21,-34.98
2024-04-01,Liugong India Pvt. Ltd,365,481.0,716.0,-24.12,-49.02
2024-04-01,Archit Enterprises,364,660.0,744.0,-44.85,-51.08
2024-04-01,G & G Automotive,358,711.0,940.0,-49.65,-61.91
2024-04-01,Hundal Industries,356,422.0,894.0,-15.64,-60.18
2024-04-01,Bounce Electric 1 Pvt Ltd,349,2364.0,3691.0,-85.24,-90.54
2024-04-01,Shakti Auto Green,348,477.0,506.0,-27.04,-31.23
2024-04-01,Porsche Ag Germany,343,432.0,476.0,-20.6,-27.94
2024-04-01,Baba E-Vehicles,338,405.0,1085.0,-16.54,-68.85
2024-04-01,New Arcana India,330,420.0,966.0,-21.43,-65.84
2024-04-01,Pari Metro E Rickshaw,322,358.0,618.0,-10.06,-47.9
2024-04-01,Mac Auto India,316,351.0,561.0,-9.97,-43.67
2024-04-01,Ssev Enterprises Private Limited,312,360.0,549.0,-13.33,-43.17
2024-04-01,Adico Escorts Agri Equipments Pvt. Ltd.,309,1470.0,663.0,-78.98,-53.39
2024-04-01,Bajaj Implements Pvt. Ltd,306,470.0,701.0,-34.89,-56.35
2024-04-01,3S Industries Private Limited,300,574.0,85.0,-47.74,252.94
2024-04-01,Rana Engineer Works,299,596.0,208.0,-49.83,43.75
2024-04-01,Ivoomi Innovation Pvt Ltd,298,696.0,1935.0,-57.18,-84.6
2024-04-01,Kion India Pvt Ltd,295,358.0,560.0,-17.6,-47.32
2024-04-01,Mahtab Body Maker,292,586.0,523.0,-50.17,-44.17
2024-04-01,Super Metro Industries,284,414.0,1035.0,-31.4,-72.56
2024-04-01,Pythox Motors Pvt Ltd,282,302.0,180.0,-6.62,56.67
2024-04-01,Plaudit Techno India Pvt Ltd,278,214.0,6.0,29.91,4533.33
2024-04-01,Doosan Bobcat India Pvt Ltd,278,314.0,366.0,-11.46,-24.04
2024-04-01,Rcj Auto Forge Pvt Ltd,275,447.0,467.0,-38.48,-41.11
2024-04-01,Dys Impex Private Limited,275,460.0,400.0,-40.22,-31.25
2024-04-01,Extra Fast Solutions,272,399.0,333.0,-31.83,-18.32
2024-04-01,Om Raj Autotech Llp,271,568.0,801.0,-52.29,-66.17
2024-04-01,Apsara Enterprise,268,393.0,375.0,-31.81,-28.53
2024-04-01,Chauhan Auto Industries,266,320.0,345.0,-16.88,-22.9
2024-04-01,Entice Impex Pvt Ltd,265,512.0,322.0,-48.24,-17.7
2024-04-01,Avon Cycles Ltd,263,386.0,605.0,-31.87,-56.53
2024-04-01,Tork Motors Pvt Ltd,260,1516.0,1017.0,-82.85,-74.43
2024-04-01,G.K E-Vehicls Industries Pvt Ltd,260,346.0,,-24.86,
2024-04-01,Shri Namo Electric Automotive,260,307.0,459.0,-15.31,-43.36
2024-04-01,Duke Auto India,254,406.0,690.0,-37.44,-63.19
2024-04-01,Benling India Energy And Technology Pvt Ltd,253,439.0,2618.0,-42.37,-90.34
2024-04-01,Hunda Ev Pvt Ltd,252,402.0,,-37.31,
2024-04-01,Greenwheels Automobile Pvt Ltd,250,366.0,654.0,-31.69,-61.77
2024-04-01,Wirtgen India Pvt Ltd,249,347.0,309.0,-28.24,-19.42
2024-04-01,Zenthium Ev Pvt Ltd,246,660.0,467.0,-62.73,-47.32
2024-04-01,Gagan Automotives,245,478.0,70.0,-48.74,250.0
2024-04-01,Godawari Electric Motors Pvt Ltd,245,308.0,46.0,-20.45,432.61
2024-04-01,Attolent Auto Group Pvt Ltd,243,391.0,628.0,-37.85,-61.31
2024-04-01,Aadhya Enterprises,243,470.0,732.0,-48.3,-66.8
2024-04-01,Divya Enterprises,240,366.0,698.0,-34.43,-65.62
2024-04-01,Malkit Agro Tech Pvt. Ltd,233,517.0,1212.0,-54.93,-80.78
2024-04-01,Simpleenergy Pvt Ltd,230,708.0,30.0,-67.51,666.67
2024-04-01,Preet Agro Industries Pvt Ltd,230,420.0,1002.0,-45.24,-77.05
2024-04-01,Tufan Motors Pvt Ltd,227,522.0,633.0,-56.51,-64.14
2024-04-01,A P I Motors Pvt Ltd,225,372.0,1023.0,-39.52,-78.01
2024-04-01,Trishika Industries,222,394.0,1268.0,-43.65,-82.49
2024-04-01,Rutba Product Pvt Ltd,222,340.0,333.0,-34.71,-33.33
2024-04-01,Qianjiang-Keeway (Importer: Adishwar Auto),221,321.0,562.0,-31.15,-60.68
2024-04-01,Rds Industries,216,2.0,,10700.0,
2024-04-01,Hop Electric Mobility Pvt Ltd,215,234.0,304.0,-8.12,-29.28
2024-04-01,Continental Engines Pvt Ltd,213,967.0,3766.0,-77.97,-94.34
2024-04-01,Kgn Industries,209,421.0,241.0,-50.36,-13.28
2024-04-01,Manitou Equipment India Pvt Ltd,209,325.0,357.0,-35.69,-41.46
2024-04-01,Rowwet Mobility Pvt Ltd,208,222.0,45.0,-6.31,362.22
2024-04-01,Volvo Ce India Private Limited,207,311.0,438.0,-33.44,-52.74
2024-04-01,Olectra Greentech Ltd,204,274.0,252.0,-25.55,-19.05
2024-04-01,Tirth Agro Technology Pvt Ltd,200,134.0,429.0,49.25,-53.38
2024-04-01,Shalya Auto Sales Pvt Ltd,200,364.0,472.0,-45.05,-57.63
2024-04-01,Jitendra New Ev-Tech Pvt. Ltd,200,1052.0,2539.0,-80.99,-92.12
2024-04-01,Blue Energy Commercial Vehicles Pvt. Ltd.,200,155.0,138.0,29.03,44.93
2024-04-01,Twinkle Tradcom Pvt Ltd,198,469.0,1345.0,-57.78,-85.28
2024-04-01,Fede Industries Pvt Ltd,196,394.0,693.0,-50.25,-71.72
2024-04-01,Aman Electric Vehicles,196,286.0,45.0,-31.47,335.56
2024-04-01,Samrat Electric Vehicle,193,385.0,445.0,-49.87,-56.63
2024-04-01,Ceeon India,189,415.0,691.0,-54.46,-72.65
2024-04-01,Royce Ev Pvt Ltd,188,114.0,,64.91,
2024-04-01,Audi Ag,187,366.0,1333.0,-48.91,-85.97
2024-04-01,A K Gupta & Co.,184,326.0,435.0,-43.56,-57.7
2024-04-01,Pride E-Motors,177,426.0,429.0,-58.45,-58.74
2024-04-01,Needle Eye Plastic Industries Pvt Ltd,176,339.0,534.0,-48.08,-67.04
2024-04-01,Same Deutz - Fahr India (P) Ltd.,173,384.0,966.0,-54.95,-82.09
2024-04-01,Star Iglobal Automotive Pvt Ltd,171,319.0,329.0,-46.39,-48.02
2024-04-01,E-Motion Automotive Industry Llp,170,242.0,352.0,-29.75,-51.7
2024-04-01,Tata Advanced Systems Ltd,170,566.0,275.0,-69.96,-38.18
2024-04-01,Jitendra Tempo Parts,166,272.0,474.0,-38.97,-64.98
2024-04-01,E-Guru Auto Energy,165,137.0,30.0,20.44,450.0
2024-04-01,Apm Auto Sales,162,296.0,573.0,-45.27,-71.73
2024-04-01,Jaisik Business Links Pvt Ltd,162,286.0,429.0,-43.36,-62.24
2024-04-01,Supreme Smart Power Pvt Ltd,161,260.0,455.0,-38.08,-64.62
2024-04-01,Ins Automobiles Pvt Ltd,160,,,,
2024-04-01,Lawat Motors Llp,159,394.0,479.0,-59.64,-66.81
2024-04-01,Accretion Power Autos,158,284.0,462.0,-44.37,-65.8
2024-04-01,Sany Heavy Industry India Pvt Ltd,157,247.0,240.0,-36.44,-34.58
2024-04-01,Green Technologies,157,126.0,101.0,24.6,55.45
2024-04-01,Chehak Batteries,154,140.0,162.0,10.0,-4.94
2024-04-01,Singh Automobiles,154,278.0,234.0,-44.6,-34.19
2024-04-01,Hop Motors Pvt Ltd,153,414.0,639.0,-63.04,-76.06
2024-04-01,Lionize Automobile Pvt Ltd,152,188.0,,-19.15,
2024-04-01,Him Teknoforge Ltd,151,284.0,444.0,-46.83,-65.99
2024-04-01,Maa Kalpana Enterprise,150,194.0,72.0,-22.68,108.33
2024-04-01,Ve Commercial Vehicles Ltd (Volvo Buses Division),150,250.0,216.0,-40.0,-30.56
2024-04-01,Kalpvriksh Electomobiles Co,150,170.0,96.0,-11.76,56.25
2024-04-01,Momu Automotive,146,58.0,,151.72,
2024-04-01,Pooshpak Automobiles Pvt Ltd,141,271.0,12.0,-47.97,1075.0
2024-04-01,India Safe Enterprise,141,203.0,90.0,-30.54,56.67
2024-04-01,Gkon Electric Motor Vehicles Pvt Ltd,141,298.0,492.0,-52.68,-71.34
2024-04-01,Booma Innovative Transport Sulutions Pvt Ltd,138,245.0,30.0,-43.67,360.0
2024-04-01,Riband Electric Pvt Ltd,136,182.0,396.0,-25.27,-65.66
2024-04-01,Atul Greentech Private Limited,136,288.0,15.0,-52.78,806.67
2024-04-01,Kyte Energy Pvt. Ltd.,136,208.0,276.0,-34.62,-50.72
2024-04-01,Pari E-Vehicles,136,224.0,444.0,-39.29,-69.37
2024-04-01,Dasmesh Mechanical Works Pvt.Ltd,135,293.0,498.0,-53.92,-72.89
2024-04-01,Evco Automobiles Pvt Ltd,132,88.0,,50.0,
2024-04-01,Urwashi Enterprises,131,199.0,306.0,-34.17,-57.19
2024-04-01,Pmi Electro Mobility Solutions Private Limited,130,404.0,255.0,-67.82,-49.02
2024-04-01,Nhd Motors,130,128.0,219.0,1.56,-40.64
2024-04-01,Ducati India Pvt Ltd,128,221.0,265.0,-42.08,-51.7
2024-04-01,First Choice Electric Vehicles Pvt Ltd,128,320.0,333.0,-60.0,-61.56
2024-04-01,L&T Construction Equipment Limited,127,225.0,373.0,-43.56,-65.95
2024-04-01,Oben Electric Vehicles Pvt Ltd,122,54.0,,125.93,
2024-04-01,Sokudo Electric India Pvt Ltd,121,207.0,36.0,-41.55,236.11
2024-04-01,Shiv Agro Industries,120,144.0,81.0,-16.67,48.15
2024-04-01,Jbm Auto Limited,118,580.0,195.0,-79.66,-39.49
2024-04-01,Citygreen Auto & Petro Chemicals (P) Ltd,118,300.0,742.0,-60.67,-84.1
2024-04-01,Wuxi Tenghui (Importer: Flycon Motors),117,218.0,59.0,-46.33,98.31
2024-04-01,Sun Industries,117,76.0,,53.95,
2024-04-01,Dev Motors,116,16.0,,625.0,
2024-04-01,Sn Solar Energy,116,222.0,85.0,-47.75,36.47
2024-04-01,Venus Auto Wheels Pvt Ltd,114,162.0,462.0,-29.63,-75.32
2024-04-01,Shaktti Constructions Equipment Pvt Ltd,113,210.0,211.0,-46.19,-46.45
2024-04-01,Republic Motors,112,176.0,27.0,-36.36,314.81
2024-04-01,Godrej & Boyce Mfg. Co. Ltd,112,132.0,211.0,-15.15,-46.92
2024-04-01,Tsm Engineering Pvt Ltd,112,188.0,72.0,-40.43,55.56
2024-04-01,R3 Enterprises,111,302.0,348.0,-63.25,-68.1
2024-04-01,Sagar Agro Steel Industries,110,130.0,135.0,-15.38,-18.52
2024-04-01,Wuxi Tenghui (Importer: Hop Electric Mobility),110,190.0,110.0,-42.11,0.0
2024-04-01,Omega Sales & Agro Industries,110,204.0,117.0,-46.08,-5.98
2024-04-01,Diamond E Vehicles,108,190.0,405.0,-43.16,-73.33
2024-04-01,Eco-Friendly Electric Vehicle Pvt Ltd,106,94.0,14.0,12.77,657.14
2024-04-01,Engtian Electric Bike Pvt Ltd,105,235.0,332.0,-55.32,-68.37
2024-04-01,Wuxi Tenghui (Importer: Seeka E Motors),104,128.0,177.0,-18.75,-41.24
2024-04-01,Lakshya Auto Sales Corporation,102,136.0,156.0,-25.0,-34.62
2024-04-01,Reep Industries Pvt Ltd,100,636.0,1374.0,-84.28,-92.72
2024-04-01,Namah Industries Pvt Ltd,100,64.0,7.0,56.25,1328.57
2024-04-01,Richford Allianz Pvt Ltd,100,,,,
2024-04-01,Maruti Udyog Ltd,99,187.0,237.0,-47.06,-58.23
2024-04-01,Green Star Motors,98,166.0,192.0,-40.96,-48.96
2024-04-01,Celletron Motor Works,98,54.0,5.0,81.48,1860.0
2024-04-01,Kakkar Electric Auto Pvt Ltd,98,12.0,,716.67,
2024-04-01,Greenfit Industries Llp,98,84.0,,16.67,
2024-04-01,Green Impex,98,122.0,315.0,-19.67,-68.89
2024-04-01,Guru Nanak Agri Engg Works,95,165.0,365.0,-42.42,-73.97
2024-04-01,Kabmax Electric Automobiles Pvt. Ltd,94,122.0,300.0,-22.95,-68.67
2024-04-01,Balan Engineering Pvt Ltd,93,84.0,244.0,10.71,-61.89
2024-04-01,Vmt Industries Pvt Ltd,92,154.0,174.0,-40.26,-47.13
2024-04-01,Aditya Sai Industries,92,140.0,153.0,-34.29,-39.87
2024-04-01,A.R. Motor,92,,,,
2024-04-01,Sudhraj Electric Mobility Pvt. Ltd.,92,174.0,69.0,-47.13,33.33
2024-04-01,United Transmovers Pvt Ltd,90,164.0,222.0,-45.12,-59.46
2024-04-01,New Gurdial Agro Industries Pvt Ltd,90,97.0,311.0,-7.22,-71.06
2024-04-01,Asha Impex,88,72.0,81.0,22.22,8.64
2024-04-01,Switch Mobility Automotive Ltd,88,224.0,69.0,-60.71,27.54
2024-04-01,Taurus Electric Vehicles,88,214.0,259.0,-58.88,-66.02
2024-04-01,Crane Kraft India Private Limited,87,139.0,145.0,-37.41,-40.0
2024-04-01,Sumfonl Auto Traders Pvt Ltd,87,123.0,247.0,-29.27,-64.78
2024-04-01,Kyb Conmat Pvt Ltd,86,117.0,97.0,-26.5,-11.34
2024-04-01,Manish Ev International Private Limited,86,222.0,282.0,-61.26,-69.5
2024-04-01,Devangi Eng..,86,142.0,78.0,-39.44,10.26
2024-04-01,Gaura Electric Vehicles Pvt Ltd,86,68.0,,26.47,
2024-04-01,Numeros Motors Pvt Ltd,86,102.0,228.0,-15.69,-62.28
2024-04-01,Harley Davidson (Importer: Hero Motocorp),85,123.0,153.0,-30.89,-44.44
2024-04-01,Vijaya Electric Auto Pvt Ltd,84,140.0,162.0,-40.0,-48.15
2024-04-01,Roarleo Motor Pvt Ltd,84,150.0,238.0,-44.0,-64.71
2024-04-01,Shiv Om India,84,152.0,93.0,-44.74,-9.68
2024-04-01,Adm Technologies Pvt. Ltd.,84,94.0,69.0,-10.64,21.74
2024-04-01,Cart India,84,554.0,102.0,-84.84,-17.65
2024-04-01,Rgm Business Plus Pvt Ltd,82,245.0,718.0,-66.53,-88.58
2024-04-01,"Xuzhou Construction Machinery Group Co. Ltd, China",81,134.0,111.0,-39.55,-27.03
2024-04-01,Youyaku Electric (Importer:Ime Vehicles Pvt Ltd),81,306.0,9.0,-73.53,800.0
2024-04-01,Pragya Automobile Pvt Ltd,80,46.0,3.0,73.91,2566.67
2024-04-01,Ammann Apollo India Pvt Ltd,79,154.0,184.0,-48.7,-57.07
2024-04-01,Sunset Trade Pvt Ltd,78,129.0,246.0,-39.53,-68.29
2024-04-01,M/S Bharat Trailers,78,82.0,123.0,-4.88,-36.59
2024-04-01,Trinity Electric Vehicles Pvt Ltd,78,84.0,6.0,-7.14,1200.0
2024-04-01,Scania Commercial Vehicles India Pvt Limited,78,30.0,39.0,160.0,100.0
2024-04-01,Surindera Agro Insdustries,77,106.0,235.0,-27.36,-67.23
2024-04-01,Xyz1,77,390.0,72.0,-80.26,6.94
2024-04-01,Chandana Corporation,77,103.0,396.0,-25.24,-80.56
2024-04-01,Yangguang Lingmu (Importer: Flycon Motors),76,163.0,43.0,-53.37,76.74
2024-04-01,Jessun Techno Pvt Ltd,76,74.0,168.0,2.7,-54.76
2024-04-01,Kcas Electric Vehicles Pvt Ltd,76,20.0,249.0,280.0,-69.48
2024-04-01,Allentti Motors Pvt Ltd,74,80.0,,-7.5,
2024-04-01,Adishwar Auto Ride India Pvt Ltd,74,144.0,204.0,-48.61,-63.73
2024-04-01,Krishna Vehicals,74,80.0,296.0,-7.5,-75.0
2024-04-01,Rasandik Engineering Industries India Ltd,74,150.0,60.0,-50.67,23.33
2024-04-01,Skyy Rider Electric Private Limited,74,128.0,,-42.19,
2024-04-01,Evtric Motors Pvt Ltd,74,149.0,522.0,-50.34,-85.82
2024-04-01,Jiangsu Zheenaida (Importer: Klb Global),73,125.0,636.0,-41.6,-88.52
2024-04-01,Eco Fuel Systems (I) Pvt Ltd,73,119.0,352.0,-38.66,-79.26
2024-04-01,Kartar Tractors Private Limited,73,191.0,157.0,-61.78,-53.5
2024-04-01,Kuku Automotives,73,244.0,498.0,-70.08,-85.34
2024-04-01,N K Industries,72,108.0,126.0,-33.33,-42.86
2024-04-01,New Chawla Industries,70,,,,
2024-04-01,Vishwakarma Gng Industry,70,94.0,45.0,-25.53,55.56
2024-04-01,Ajay Motors Private Limited,70,60.0,147.0,16.67,-52.38
2024-04-01,Shine Metal Udyog Pvt Ltd (Unit- Ii),70,115.0,74.0,-39.13,-5.41
2024-04-01,Gogoro India Pvt Ltd,70,20.0,,250.0,
2024-04-01,Uma Motors,70,120.0,216.0,-41.67,-67.59
2024-04-01,Zhejiang Qianjiang (Importer: Adishwar Auto),68,97.0,63.0,-29.9,7.94
2024-04-01,Sri Sai Agricultural Equipment,66,58.0,93.0,13.79,-29.03
2024-04-01,K.S. Agrotech Pvt Ltd,66,70.0,48.0,-5.71,37.5
2024-04-01,Venus Equipment,65,80.0,85.0,-18.75,-23.53
2024-04-01,Mecpower Mobility Pvt. Ltd.,64,104.0,234.0,-38.46,-72.65
2024-04-01,Dave Exim Pvt Ltd,64,82.0,393.0,-21.95,-83.72
2024-04-01,Uttam Construction Equipments,64,82.0,125.0,-21.95,-48.8
2024-04-01,Bali Auto Industries,64,158.0,240.0,-59.49,-73.33
2024-04-01,Saksham Trading Company,64,51.0,26.0,25.49,146.15
2024-04-01,Shigan Evoltz Ltd,62,159.0,285.0,-61.01,-78.25
2024-04-01,Hongkong Yixing (Importer: Adms Marketing),61,158.0,39.0,-61.39,56.41
2024-04-01,Altigreen Propulsion Labs Pvt Ltd,61,1551.0,1575.0,-96.07,-96.13
2024-04-01,Bentinck Industries Pvt. Ltd.,60,148.0,276.0,-59.46,-78.26
2024-04-01,Wuxi Tourwe (Importer: Goreen E-Mobility),60,107.0,129.0,-43.93,-53.49
2024-04-01,M/S Vishnu Clean Energy Vehicles Llp,60,14.0,9.0,328.57,566.67
2024-04-01,Haitek Automotive Pvt Ltd,58,22.0,,163.64,
2024-04-01,Toyota Material Handling India Pvt Ltd,58,114.0,125.0,-49.12,-53.6
2024-04-01,Lucky Industries,58,28.0,30.0,107.14,93.33
2024-04-01,Evage Automotive Pvt Ltd,58,60.0,18.0,-3.33,222.22
2024-04-01,Jai Sri Ram Electric Vehicle Manufacturing Pvt Ltd,58,108.0,174.0,-46.3,-66.67
2024-04-01,Vishavkarma Engineering Works,58,404.0,145.0,-85.64,-60.0
2024-04-01,Yaari Automobiles Pvt Ltd,57,64.0,34.0,-10.94,67.65
2024-04-01,Bal Gopal Wheels Pvt Ltd,57,171.0,54.0,-66.67,5.56
2024-04-01,Nipun Sanyantra Pvt Ltd,56,150.0,324.0,-62.67,-82.72
2024-04-01,Extreme Motors,56,78.0,192.0,-28.21,-70.83
2024-04-01,Efev Charging Solution Pvt Ltd,55,178.0,219.0,-69.1,-74.89
2024-04-01,Kgn,54,174.0,180.0,-68.97,-70.0
2024-04-01,Baba Product,54,156.0,207.0,-65.38,-73.91
2024-04-01,Zoomlion India Pvt Ltd,54,87.0,93.0,-37.93,-41.94
2024-04-01,Shailendra Autos Pvt Ltd,54,82.0,,-34.15,
2024-04-01,K.S. Agricultural Industries Pvt. Ltd,54,144.0,384.0,-62.5,-85.94
2024-04-01,Mahindra & Mahindra Ltd Farm Machinery Division,54,93.0,42.0,-41.94,28.57
2024-04-01,Porfitel Technology (Importer: Aeroride),53,123.0,172.0,-56.91,-69.19
2024-04-01,K T Enterprises,53,160.0,167.0,-66.88,-68.26
2024-04-01,Pinnacle Mobility Solutions Pvt Ltd,52,90.0,6.0,-42.22,766.67
2024-04-01,Ipl Tech Electric Pvt Ltd,50,15.0,7.0,233.33,614.29
2024-04-01,Erisha E Mobility Pvt Ltd,50,42.0,18.0,19.05,177.78
2024-04-01,Sirf India Vehicles Pvt Ltd,50,24.0,12.0,108.33,316.67
2024-04-01,Juneng Motorcycle (Importer: Iscoot Moters),50,104.0,106.0,-51.92,-52.83
2024-04-01,Supereco Automotive Co,50,76.0,437.0,-34.21,-88.56
2024-04-01,Aman Automobiles,49,32.0,13.0,53.12,276.92
2024-04-01,Raj Automotive,49,42.0,60.0,16.67,-18.33
2024-04-01,Sec-Rjmt Engineering Pvt Ltd,48,54.0,18.0,-11.11,166.67
2024-04-01,Ajanta Krushi Yantra,48,10.0,18.0,380.0,166.67
2024-04-01,M/S Sarangi Motros,48,123.0,114.0,-60.98,-57.89
2024-04-01,Ningbo Longjia (Importer: Adishwar Auto),48,64.0,165.0,-25.0,-70.91
2024-04-01,Roansome Motors,48,82.0,,-41.46,
2024-04-01,Abzo Motors Pvt Ltd,48,28.0,15.0,71.43,220.0
2024-04-01,Vijayshree Autocom Limited,48,114.0,111.0,-57.89,-56.76
2024-04-01,Zhejiang Changling (Importer: Adishwar Auto),48,78.0,180.0,-38.46,-73.33
2024-04-01,Polaris India Pvt Ltd,47,69.0,75.0,-31.88,-37.33
2024-04-01,Ultraviolette Automotive Pvt Ltd,46,104.0,237.0,-55.77,-80.59
2024-04-01,Guangdong Tayo (Importer: Adishwar Auto),46,66.0,48.0,-30.3,-4.17
2024-04-01,Amo Mobility Solutions Pvt Ltd,45,106.0,1683.0,-57.55,-97.33
2024-04-01,Bhoyar Agro Ind Wardha,44,42.0,72.0,4.76,-38.89
2024-04-01,Manmohan Kaur,44,78.0,9.0,-43.59,388.89
2024-04-01,Shri Vishwakarma Automobile,44,102.0,117.0,-56.86,-62.39
2024-04-01,Zhonghualong (Importer: Poworo Pvt Ltd),44,,,,
2024-04-01,"M/S Ajay Engineering Works Equipments Pvt Ltd ,Sambalpur",44,36.0,42.0,22.22,4.76
2024-04-01,M/S Maa Mangala Industries,44,60.0,66.0,-26.67,-33.33
2024-04-01,China Haochen (Importer: Adms Marketing),44,150.0,63.0,-70.67,-30.16
2024-04-01,Ozotec Automobile Private Limited,44,60.0,293.0,-26.67,-84.98
2024-04-01,Juneng Motorcycle (Importer: Jhev Motors Pvt Ltd),44,32.0,,37.5,
2024-04-01,"Laxmi Gobinda Agro Ind,Bls",44,63.0,79.0,-30.16,-44.3
2024-04-01,Dashmesh Traders,44,72.0,82.0,-38.89,-46.34
2024-04-01,Devam Electric Vehicles Pvt Ltd,43,97.0,,-55.67,
2024-04-01,Prag Motors,43,86.0,117.0,-50.0,-63.25
2024-04-01,Invvigors India,43,84.0,60.0,-48.81,-28.33
2024-04-01,Youyaku Electric (Importer:Newtron Electric),42,64.0,,-34.38,
2024-04-01,Fieldtrack Earthmovers Pvt Ltd,42,54.0,72.0,-22.22,-41.67
2024-04-01,Wuxi Shengbao (Importer:Electric One Energy),42,30.0,,40.0,
2024-04-01,Green Evolve Pvt Ltd,40,204.0,60.0,-80.39,-33.33
2024-04-01,Dhriti Enterprises,40,32.0,,25.0,
2024-04-01,Wuxi Saige Electric (Importer: Delta Autocorp Llp),40,118.0,114.0,-66.1,-64.91
2024-04-01,Youyaku Electric (Importer: Houstan Innovation),40,174.0,66.0,-77.01,-39.39
2024-04-01,Munde Mechanical Works,40,44.0,57.0,-9.09,-29.82
2024-04-01,Wuxi Jiyayi (Importer: Izanau Electric Llp),40,66.0,283.0,-39.39,-85.87
2024-04-01,Standard Corporation India Ltd,40,119.0,164.0,-66.39,-75.61
2024-04-01,Zero 21 Renewable Energy Solutions Pvt Ltd,39,48.0,6.0,-18.75,550.0
2024-04-01,Shri Shankar Eng Works,38,78.0,57.0,-51.28,-33.33
2024-04-01,Hanuman Udyog,38,20.0,6.0,90.0,533.33
2024-04-01,Five Elements,38,96.0,78.0,-60.42,-51.28
2024-04-01,Lala G E Rickshaw And Spare Parts,38,22.0,,72.73,
2024-04-01,Shree Maruti Nandan Businesss (P) Ltd,38,115.0,255.0,-66.96,-85.1
2024-04-01,Radheshyam Trailor,38,32.0,6.0,18.75,533.33
2024-04-01,Lords Vehicle Mfg Pvt Ltd,37,62.0,202.0,-40.32,-81.68
2024-04-01,Super Power Motors,37,142.0,,-73.94,
2024-04-01,Jain Power Corp,36,60.0,133.0,-40.0,-72.93
2024-04-01,Saksham Tech Automobiles,36,62.0,132.0,-41.94,-72.73
2024-04-01,Tata International Vehicle Applications Pvt Ltd,36,40.0,24.0,-10.0,50.0
2024-04-01,Enginia Vehicles Pvt Ltd,36,142.0,57.0,-74.65,-36.84
2024-04-01,Sunanda Greentech Pvt Ltd,36,100.0,,-64.0,
2024-04-01,Automobili Lamborghini S.P.A,36,30.0,51.0,20.0,-29.41
2024-04-01,Shaktiman Agro Industries,36,37.0,99.0,-2.7,-63.64
2024-04-01,Godawari Techno Solutions Pvt Ltd,36,36.0,104.0,0.0,-65.38
2024-04-01,Dynapac Road Construction Equipment India Pvt Ltd,35,183.0,51.0,-80.87,-31.37
2024-04-01,Supreme Sales Agency,35,20.0,,75.0,
2024-04-01,A.J Enterprises,35,59.0,,-40.68,
2024-04-01,Cyrus Auto Industries Pvt Ltd,34,16.0,39.0,112.5,-12.82
2024-04-01,Jiangsu Aima (Importer: Future Ev),34,32.0,,6.25,
2024-04-01,Dao Evtech Private Limited,34,96.0,212.0,-64.58,-83.96
2024-04-01,S B Traders,34,76.0,15.0,-55.26,126.67
2024-04-01,Youyaku Electric (Importer: Sasdal Enterprises),34,135.0,27.0,-74.81,25.93
2024-04-01,Ecobit International(Importer: Jhev Motors),34,46.0,,-26.09,
2024-04-01,Veectero E Vehicles Llp,34,101.0,153.0,-66.34,-77.78
2024-04-01,Ok Play India Ltd,34,74.0,89.0,-54.05,-61.8
2024-04-01,Singhal Enterprises,34,58.0,105.0,-41.38,-67.62
2024-04-01,Zohan Traders And Big Metro,34,60.0,177.0,-43.33,-80.79
2024-04-01,Priyam Industries And Engineering Pvt Ltd,34,154.0,,-77.92,
2024-04-01,"Amrit Engg Works,Dkl",34,26.0,51.0,30.77,-33.33
2024-04-01,Zubeda Trolly Repairing Works,32,4.0,,700.0,
2024-04-01,Kisan Engineering Works,32,18.0,36.0,77.78,-11.11
2024-04-01,Agri King Tractors & Equipments Pvt Ltd,32,88.0,87.0,-63.64,-63.22
2024-04-01,Hira Agro Industries,32,84.0,184.0,-61.9,-82.61
2024-04-01,Apollo Carmix Equipments Pvt Ltd,31,89.0,83.0,-65.17,-62.65
2024-04-01,Warivo Motor India Pvt Ltd,31,16.0,,93.75,
2024-04-01,Shinme Electrical Vehicle Pvt Ltd,30,60.0,126.0,-50.0,-76.19
2024-04-01,M/S Kastkar Agro Industries,30,90.0,84.0,-66.67,-64.29
2024-04-01,Bhadauria Enterprises,30,90.0,30.0,-66.67,0.0
2024-04-01,Jay Agro Industries,30,60.0,39.0,-50.0,-23.08
2024-04-01,Tratec Engineers Pvt Ltd,30,56.0,117.0,-46.43,-74.36
2024-04-01,Fiado Industries Pvt Ltd,30,70.0,162.0,-57.14,-81.48
2024-04-01,Prakash Enterprises,30,68.0,18.0,-55.88,66.67
2024-04-01,Anjali Traders,30,44.0,39.0,-31.82,-23.08
2024-04-01,Shri Swastik Engg,30,56.0,54.0,-46.43,-44.44
2024-04-01,Shiva Enterprises,30,32.0,,-6.25,
2024-04-01,A D Agro Works,30,70.0,138.0,-57.14,-78.26
2024-04-01,Smart Electro Motors,30,39.0,80.0,-23.08,-62.5
2024-04-01,Eco Dynaamic Equipments,30,46.0,18.0,-34.78,66.67
2024-04-01,Santosh Engg Works,30,62.0,72.0,-51.61,-58.33
2024-04-01,Aftek Motors India Pvt Ltd,29,28.0,94.0,3.57,-69.15
2024-04-01,Agro Industries,29,66.0,140.0,-56.06,-79.29
2024-04-01,Maruthisan Pvt Ltd,28,114.0,72.0,-75.44,-61.11
2024-04-01,Vikrant Engineering,28,34.0,54.0,-17.65,-48.15
2024-04-01,Jmssp Agro Industries Pvt Ltd,28,32.0,,-12.5,
2024-04-01,Green Shuttle Technology Pvt Ltd,28,20.0,18.0,40.0,55.56
2024-04-01,Zap (Hk) (Importer: Izanau Electric),28,34.0,108.0,-17.65,-74.07
2024-04-01,Galvanic Auto Pvt Ltd,26,10.0,,160.0,
2024-04-01,E-Ashwa Automotive Pvt Ltd,26,105.0,209.0,-75.24,-87.56
2024-04-01,Ishwar Farmline Equipments Private Limited,26,18.0,141.0,44.44,-81.56
2024-04-01,Ushasons Auto Components,26,14.0,,85.71,
2024-04-01,Vijex Steel Fabrication,26,6.0,,333.33,
2024-04-01,Hovel Cylinder Pvt Ltd,26,42.0,9.0,-38.1,188.89
2024-04-01,Goenka Electric Motor Vehicles Pvt Ltd,26,40.0,451.0,-35.0,-94.24
2024-04-01,Ford India Pvt Ltd,26,45.0,60.0,-42.22,-56.67
2024-04-01,Hitendra Welding Works,26,34.0,60.0,-23.53,-56.67
2024-04-01,Seamless Autotech Pvt Ltd,26,66.0,,-60.61,
2024-04-01,Wuxi Tenghui (Importer: Jozhi Services),26,14.0,,85.71,
2024-04-01,M/S Ram Agro Machinary,26,12.0,30.0,116.67,-13.33
2024-04-01,Anchi Motorcycle (Importer: Ecotrinity Automobile,26,14.0,15.0,85.71,73.33
2024-04-01,"S P Trading, Khurda",24,34.0,45.0,-29.41,-46.67
2024-04-01,S.B. Reshellers Pvt Ltd,24,6.0,,300.0,
2024-04-01,Hamm Ag,24,20.0,54.0,20.0,-55.56
2024-04-01,Markus,24,30.0,9.0,-20.0,166.67
2024-04-01,Veera Vahana Udyog Private Limited,24,40.0,42.0,-40.0,-42.86
2024-04-01,Syndicate Auto Components,24,18.0,54.0,33.33,-55.56
2024-04-01,Bhogal Combine Spare Parts,24,2.0,,1100.0,
2024-04-01,Kiran Automobile Industry,24,32.0,72.0,-25.0,-66.67
2024-04-01,Parveen Auto,24,20.0,39.0,20.0,-38.46
2024-04-01,Wasan E-Mobility Solutions Pvt Ltd,23,25.0,15.0,-8.0,53.33
2024-04-01,Neuon Motors Llp,22,62.0,57.0,-64.52,-61.4
2024-04-01,Pushkar Industries,22,40.0,57.0,-45.0,-61.4
2024-04-01,Atumobile Pvt Ltd,22,18.0,102.0,22.22,-78.43
2024-04-01,Hind Agro Industries,22,28.0,84.0,-21.43,-73.81
2024-04-01,Ard Exim,22,32.0,60.0,-31.25,-63.33
2024-04-01,Shri Datta Agro Industries,22,10.0,6.0,120.0,266.67
2024-04-01,Kerala Automobiles Limited,22,112.0,75.0,-80.36,-70.67
2024-04-01,Six Senses Automotive Pvt Ltd,22,24.0,3.0,-8.33,633.33
2024-04-01,M/S Maa Motors Works,22,84.0,21.0,-73.81,4.76
2024-04-01,M/S Maa Motors Workshop,22,110.0,18.0,-80.0,22.22
2024-04-01,E-Sprinto Green Energy Pvt Ltd,22,55.0,42.0,-60.0,-47.62
2024-04-01,Inderpreet Agro Industries,22,24.0,33.0,-8.33,-33.33
2024-04-01,Maa Engineering Trailor,22,46.0,45.0,-52.17,-51.11
2024-04-01,Bentley Motors Limited,21,40.0,45.0,-47.5,-53.33
2024-04-01,Uma Auto Industries Pvt. Ltd,20,60.0,123.0,-66.67,-83.74
2024-04-01,Panesar Agro Tech,20,28.0,102.0,-28.57,-80.39
2024-04-01,Sidhi Durga Engineering,20,48.0,42.0,-58.33,-52.38
2024-04-01,Balaji Agro Industries,20,34.0,36.0,-41.18,-44.44
2024-04-01,J P Auto Tech,20,16.0,60.0,25.0,-66.67
2024-04-01,Ramon Industries,20,52.0,108.0,-61.54,-81.48
2024-04-01,Mahindra Electric Mobility Limited,20,75.0,1798.0,-73.33,-98.89
2024-04-01,"Saraswati Agro Industries,Ctc",19,19.0,18.0,0.0,5.56
2024-04-01,Hitech Engineering Ltd,19,20.0,36.0,-5.0,-47.22
2024-04-01,Ogata Motors India Pvt Ltd,19,78.0,93.0,-75.64,-79.57
2024-04-01,Sahu Industries,18,24.0,21.0,-25.0,-14.29
2024-04-01,Gill Agriculture Works,18,37.0,60.0,-51.35,-70.0
2024-04-01,Avtar Engineering Works,18,18.0,2.0,0.0,800.0
2024-04-01,Elthor Energy Private Limited,18,48.0,180.0,-62.5,-90.0
2024-04-01,"Viswanath Industries,Bbsr",18,18.0,30.0,0.0,-40.0
2024-04-01,Baghwan Rikshaw Udyog,18,24.0,60.0,-25.0,-70.0
2024-04-01,Shivashakthi Eng Works,18,88.0,165.0,-79.55,-89.09
2024-04-01,Neelam Cycle,18,18.0,21.0,0.0,-14.29
2024-04-01,Reflex Control System Pvt .Ltd,18,32.0,48.0,-43.75,-62.5
2024-04-01,Narindera Agro Works,18,16.0,6.0,12.5,200.0
2024-04-01,Prakash Trailer,18,10.0,3.0,80.0,500.0
2024-04-01,Fiori Concrete Machines India Pvt Ltd,18,6.0,,200.0,
2024-04-01,Vishwakarma Agriculture Udhyog,18,90.0,52.0,-80.0,-65.38
2024-04-01,Anchi Motorcycle (Importer: Yed Electric),18,60.0,,-70.0,
2024-04-01,Sansar Combine,18,3.0,11.0,500.0,63.64
2024-04-01,Dasmesh Agriculture Works,18,12.0,42.0,50.0,-57.14
2024-04-01,Jayna Automobiles Llp,18,,,,
2024-04-01,White Carbon Motors Pvt Ltd,18,16.0,34.0,12.5,-47.06
2024-04-01,Pick Electric Auto Pvt Ltd,18,,,,
2024-04-01,Sunultra Power Solutions Pvt Ltd,18,62.0,141.0,-70.97,-87.23
2024-04-01,S And J Industries,18,30.0,114.0,-40.0,-84.21
2024-04-01,Vidarbha Trailers,18,32.0,9.0,-43.75,100.0
2024-04-01,Youyaku Electric (Importer:Onzo Ev),18,32.0,,-43.75,
2024-04-01,Jaidka Power Systems Pvt Ltd,18,72.0,66.0,-75.0,-72.73
2024-04-01,Skoda Auto As,17,3.0,12.0,466.67,41.67
2024-04-01,Ningbo Sanjiang (Importer: Vabro Evtech),17,9.0,,88.89,
2024-04-01,C M Overseas,17,11.0,30.0,54.55,-43.33
2024-04-01,Dongma Vehicle (Importer: Mercury Metals),16,32.0,,-50.0,
2024-04-01,Tara Maa Machinery,16,46.0,,-65.22,
2024-04-01,New Marthwada Quality Trailor,16,8.0,18.0,100.0,-11.11
2024-04-01,Praakarm Auto & Construction Equipments,16,22.0,93.0,-27.27,-82.8
2024-04-01,Rp Motors,16,104.0,,-84.62,
2024-04-01,Chandake-Automobiles Llp,16,10.0,,60.0,
2024-04-01,Prajjwal Mahajan Traders,16,134.0,,-88.06,
2024-04-01,Transport Engineering Solutions India Pvt Ltd,16,20.0,36.0,-20.0,-55.56
2024-04-01,J S Agro Industries,16,34.0,174.0,-52.94,-90.8
2024-04-01,Akal Agro Industry,16,28.0,9.0,-42.86,77.78
2024-04-01,Liebherr India Pvt Ltd,16,15.0,24.0,6.67,-33.33
2024-04-01,M/S New Shetkari Engineering Work,16,52.0,33.0,-69.23,-51.52
2024-04-01,M/S Superior Manufacturing Company,16,20.0,30.0,-20.0,-46.67
2024-04-01,New Gahir Agro Industries,16,35.0,99.0,-54.29,-83.84
2024-04-01,Terex India Private Limited,16,30.0,31.0,-46.67,-48.39
2024-04-01,Ram Agro Industries,16,26.0,102.0,-38.46,-84.31
2024-04-01,Dhanalakshmi Engineering Works,16,2.0,18.0,700.0,-11.11
2024-04-01,Vishala E-Vehicles Industries Private Limited,16,20.0,72.0,-20.0,-77.78
2024-04-01,Shree Sai Agro Engineering Works,16,26.0,24.0,-38.46,-33.33
2024-04-01,Ambika Enterprises,16,44.0,117.0,-63.64,-86.32
2024-04-01,Assam Fabrication Works,16,84.0,18.0,-80.95,-11.11
2024-04-01,Paramount Automotives,16,4.0,9.0,300.0,77.78
2024-04-01,Shri Ganesh Enginerring Works,16,78.0,54.0,-79.49,-70.37
2024-04-01,Essar Engineering,16,4.0,15.0,300.0,6.67
2024-04-01,Powerland Agro Tractor Vehicles Pvt Ltd,15,4.0,7.0,275.0,114.29
2024-04-01,Juneng Motorcycle (Importer: Adms Marketing),15,41.0,24.0,-63.41,-37.5
2024-04-01,Sealion Automobile Pvt Ltd,14,10.0,42.0,40.0,-66.67
2024-04-01,"Diamond Engg,Ctc",14,22.0,18.0,-36.36,-22.22
2024-04-01,Sen And Pandit Voltage Control Pvt Ltd,14,30.0,33.0,-53.33,-57.58
2024-04-01,Matharu Engineering Agri Works,14,41.0,79.0,-65.85,-82.28
2024-04-01,Tii India Pvt Ltd,14,36.0,72.0,-61.11,-80.56
2024-04-01,Amarjeet Harvester Industry,14,20.0,21.0,-30.0,-33.33
2024-04-01,Kpt Motors,14,16.0,48.0,-12.5,-70.83
2024-04-01,Malak Techno Pvt Ltd,14,68.0,54.0,-79.41,-74.07
2024-04-01,Jade Korea Spine Life,14,22.0,63.0,-36.36,-77.78
2024-04-01,Soni E Vehicle Pvt Ltd,14,20.0,42.0,-30.0,-66.67
2024-04-01,S S Global,14,10.0,6.0,40.0,133.33
2024-04-01,M K Brothers,14,4.0,10.0,250.0,40.0
2024-04-01,Harjeet Agro Industries,14,57.0,123.0,-75.44,-88.62
2024-04-01,Mondal Trading,14,41.0,27.0,-65.85,-48.15
2024-04-01,Motovolt Mobility Pvt Ltd,14,6.0,,133.33,
2024-04-01,Gahir Agricultural Industries,14,12.0,33.0,16.67,-57.58
2024-04-01,Harmeet Agriculture Works,14,84.0,69.0,-83.33,-79.71
2024-04-01,Punjab Hi-Tech Industries,14,6.0,30.0,133.33,-53.33
2024-04-01,Sagar Fabrications,14,10.0,15.0,40.0,-6.67
2024-04-01,Punjab Body Builders,14,52.0,6.0,-73.08,133.33
2024-04-01,Saifian Solar Pvt Ltd,14,22.0,,-36.36,
2024-04-01,Gillpreetagro Industries,13,8.0,48.0,62.5,-72.92
2024-04-01,"Samal Fabricator,Barchana",13,8.0,18.0,62.5,-27.78
2024-04-01,Wisent Infratech Llp,13,13.0,18.0,0.0,-27.78
2024-04-01,Sunariya Motors Pvt Ltd,12,30.0,28.0,-60.0,-57.14
2024-04-01,Harsh Trading Co,12,20.0,12.0,-40.0,0.0
2024-04-01,Speed Auto Tech,12,10.0,84.0,20.0,-85.71
2024-04-01,China Haochen (Importer:Slsr Electro),12,12.0,,0.0,
2024-04-01,Hykon India Ltd,12,12.0,57.0,0.0,-78.95
2024-04-01,Deltek Enterprises Pvt Ltd,12,10.0,100.0,20.0,-88.0
2024-04-01,Trimurti Trailer,12,12.0,6.0,0.0,100.0
2024-04-01,M G Industries,12,70.0,138.0,-82.86,-91.3
2024-04-01,Zhejiang Morni (Importer: Adishwar Auto),12,8.0,24.0,50.0,-50.0
2024-04-01,Mytrah Mobility Pvt Ltd,12,110.0,124.0,-89.09,-90.32
2024-04-01,Zhejiang Cfmoto (Importer: Adishwar Auto),12,21.0,69.0,-42.86,-82.61
2024-04-01,Ayaan Electronic Pvt Ltd,12,57.0,107.0,-78.95,-88.79
2024-04-01,Vintage Vehicles,12,32.0,372.0,-62.5,-96.77
2024-04-01,Kaining (Hongkong) (Importer: Enigma Automobiles),12,10.0,21.0,20.0,-42.86
2024-04-01,Kaining (Hongkong) (Importer:M/S Izanau Electric),12,18.0,,-33.33,
2024-04-01,Mohan General Trading Company,12,10.0,36.0,20.0,-66.67
2024-04-01,Shri Venkateshwar Agro Industries,12,4.0,3.0,200.0,300.0
2024-04-01,Wuxi Saige (Importer: Zelio Auto Pvt.Ltd.),12,18.0,,-33.33,
2024-04-01,Gill Agrotech,12,6.0,44.0,100.0,-72.73
2024-04-01,"Mayur Enterprises,Baripada",12,32.0,24.0,-62.5,-50.0
2024-04-01,"Sai Krupa Engg Works,Bhmpur",12,32.0,30.0,-62.5,-60.0
2024-04-01,Eyug Automobile Pvt Ltd,12,,,,
2024-04-01,Capco Industries Pvt Ltd,12,50.0,,-76.0,
2024-04-01,Siddhakala Engineering And Welding Works,12,10.0,14.0,20.0,-14.29
2024-04-01,Bserail Engineering Pvt Ltd,12,20.0,,-40.0,
2024-04-01,Jiangsu Dalong (Importer: Saboo Tor),11,16.0,,-31.25,
2024-04-01,Claas India P Ltd,11,54.0,96.0,-79.63,-88.54
2024-04-01,Wuxi Tenghui International (Importer: Fezora),11,18.0,,-38.89,
2024-04-01,Vahak Future Solutions Llp,11,71.0,3.0,-84.51,266.67
2024-04-01,Aptec Equipment Private Limited,10,4.0,9.0,150.0,11.11
2024-04-01,M/S Balaji Auto Eng Works,10,12.0,,-16.67,
2024-04-01,Hd Hyundai Construction Equipment India Pvt Ltd,10,8.0,,25.0,
2024-04-01,Raftaar Electric Green Vehicles Pvt Ltd,10,6.0,,66.67,
2024-04-01,Aman Agro Industries,10,25.0,28.0,-60.0,-64.29
2024-04-01,Carree Yunus Vehicle Pvt Ltd,10,26.0,,-61.54,
2024-04-01,Ramgarhia Engg Works,10,8.0,21.0,25.0,-52.38
2024-04-01,Vinci Industrial Corporation,10,16.0,12.0,-37.5,-16.67
2024-04-01,Exerval Pvt Ltd,10,12.0,72.0,-16.67,-86.11
2024-04-01,Vishal Enterprises,10,16.0,51.0,-37.5,-80.39
2024-04-01,Divansu Automobiles Ltd,10,46.0,162.0,-78.26,-93.83
2024-04-01,Shobha Eng Works,10,20.0,12.0,-50.0,-16.67
2024-04-01,Dsr Ev Mobility Pvt Ltd,10,12.0,,-16.67,
2024-04-01,Kular Agro Works,10,22.0,54.0,-54.55,-81.48
2024-04-01,Mac International (Importer: Jhev Motors Pvt Ltd),10,30.0,,-66.67,
2024-04-01,Wuxi Saige (Importer: Ngage Impex),10,4.0,,150.0,
2024-04-01,Gurdeep Engineering Works,10,34.0,31.0,-70.59,-67.74
2024-04-01,Hbss E Mobility Pvt Ltd,10,8.0,,25.0,
2024-04-01,Vert Equipment Pvt Ltd,10,2.0,39.0,400.0,-74.36
2024-04-01,Dewan Agriculture Works,10,34.0,11.0,-70.59,-9.09
2024-04-01,Juneng Motorcycle Tech. (Importer: Delta Autocorp),10,18.0,3.0,-44.44,233.33
2024-04-01,Sai Engineering And Welding Works,10,22.0,42.0,-54.55,-76.19
2024-04-01,M/S New Shiv Shakti Trailors,10,2.0,22.0,400.0,-54.55
2024-04-01,Ordinance Factory,10,32.0,108.0,-68.75,-90.74
2024-04-01,Prabha Automotive Engineers Pvt Ltd,10,6.0,13.0,66.67,-23.08
2024-04-01,Zesar Motors Pvt Ltd,10,16.0,3.0,-37.5,233.33
2024-04-01,Beml Limited,10,2.0,12.0,400.0,-16.67
2024-04-01,Banku Body Builder,10,12.0,9.0,-16.67,11.11
2024-04-01,Gobind Agro Industries,10,75.0,90.0,-86.67,-88.89
2024-04-01,Rolls Royce Motor (Importer: Kun Motor),10,14.0,18.0,-28.57,-44.44
2024-04-01,K D Agro Industries,10,34.0,39.0,-70.59,-74.36
2024-04-01,Evbharat Range Private Limited,10,8.0,15.0,25.0,-33.33
2024-04-01,Suraj Engineering Works,10,14.0,9.0,-28.57,11.11
2024-04-01,"Mohan Engineering Works, Sambalpur",10,2.0,,400.0,
2024-04-01,Edmrc Mannschaft Llp,10,24.0,75.0,-58.33,-86.67
2024-04-01,Himani Agro Industries,10,20.0,27.0,-50.0,-62.96
2024-04-01,Svs Enterprises,10,18.0,51.0,-44.44,-80.39
2024-04-01,Wuxi Maya (Importer: Dynamo Electric P. Ltd.),9,159.0,,-94.34,
2024-04-01,H R Agro Industries,9,28.0,90.0,-67.86,-90.0
2024-04-01,Jangeer Manufacturing Industries Pvt Ltd,9,8.0,,12.5,
2024-04-01,Subhadra Engineering Nuapada,9,34.0,59.0,-73.53,-84.75
2024-04-01,Hero Honda Motors Ltd,9,26.0,9.0,-65.38,0.0
2024-04-01,Fstmoto (Importer: Autoicare Innovation),8,22.0,,-63.64,
2024-04-01,Shubham Manufacturer,8,14.0,,-42.86,
2024-04-01,Rupal Agro Industries,8,12.0,45.0,-33.33,-82.22
2024-04-01,Seeka E Motors Pvt Ltd,8,10.0,,-20.0,
2024-04-01,Eimco Elecon,8,6.0,20.0,33.33,-60.0
2024-04-01,Elsa Concreting Machinery India Pvt Ltd,8,10.0,12.0,-20.0,-33.33
2024-04-01,Shivkrupa Trailor,8,6.0,3.0,33.33,166.67
2024-04-01,M/S K K Agro Industries,8,4.0,6.0,100.0,33.33
2024-04-01,M2J E Vahan Pvt Ltd,8,21.0,112.0,-61.9,-92.86
2024-04-01,Green Tack Empala Electric Motor Company,8,30.0,42.0,-73.33,-80.95
2024-04-01,K. V. Industries,8,16.0,42.0,-50.0,-80.95
2024-04-01,Toyota Hiace Gl Commuter,8,4.0,,100.0,
2024-04-01,Bidisha Enterprises Pvt Ltd,8,4.0,12.0,100.0,-33.33
2024-04-01,Jai Bhavani Engineering Works,8,14.0,48.0,-42.86,-83.33
2024-04-01,Akash Trailor,8,8.0,24.0,0.0,-66.67
2024-04-01,Wuxi Tenghui International (Importer: Franklin Ev),8,16.0,6.0,-50.0,33.33
2024-04-01,Jiangsu Dalong (Importer: Kingche Mobility),8,4.0,,100.0,
2024-04-01,Jiangsu Jinpeng (Importer: Kkl Hitech Ev),8,16.0,,-50.0,
2024-04-01,New Gobind Agro Industries,8,18.0,45.0,-55.56,-82.22
2024-04-01,N.S. Agro Works,8,10.0,33.0,-20.0,-75.76
2024-04-01,Pardeep Agro Industries,8,2.0,24.0,300.0,-66.67
2024-04-01,Modika International (Importer: Franklin Ev),8,46.0,,-82.61,
2024-04-01,Veerbhadra Engineering Works,8,6.0,3.0,33.33,166.67
2024-04-01,Kamaz Industries,8,48.0,111.0,-83.33,-92.79
2024-04-01,Armix Construction Machinery Pvt Ltd,8,4.0,6.0,100.0,33.33
2024-04-01,Khan Engineering Works,8,28.0,3.0,-71.43,166.67
2024-04-01,Komatsu Ltd Japan,8,20.0,15.0,-60.0,-46.67
2024-04-01,Mahindra Defence Systems Ltd,8,14.0,24.0,-42.86,-66.67
2024-04-01,Anjali Auto Components,8,35.0,28.0,-77.14,-71.43
2024-04-01,Togor Engineering Works,8,4.0,6.0,100.0,33.33
2024-04-01,Bhagwan Agro Industries,8,14.0,84.0,-42.86,-90.48
2024-04-01,J K Agro Industries,8,25.0,72.0,-68.0,-88.89
2024-04-01,Swaraj Automotives Ltd,8,2.0,42.0,300.0,-80.95
2024-04-01,Gurmukh Agro Industries,8,16.0,54.0,-50.0,-85.19
2024-04-01,Guru Nanak Agro Industries,8,8.0,72.0,0.0,-88.89
2024-04-01,Star Industries,8,64.0,,-87.5,
2024-04-01,Sunil Agro Engineering Works,8,20.0,24.0,-60.0,-66.67
2024-04-01,Dhar In Pvt Ltd,8,16.0,3.0,-50.0,166.67
2024-04-01,Qookee Technologies (Importer:Vikebike India),8,28.0,,-71.43,
2024-04-01,Pubang Etron Electric Motor Pvt Ltd,8,2.0,12.0,300.0,-33.33
2024-04-01,M/S Lohiya Agro Industries,8,20.0,6.0,-60.0,33.33
2024-04-01,Tarle Construction Equipments Pvt Ltd,8,10.0,9.0,-20.0,-11.11
2024-04-01,Syan Agro Industry,8,50.0,121.0,-84.0,-93.39
2024-04-01,Pragati Engineering,8,8.0,9.0,0.0,-11.11
2024-04-01,Wuxi Saige (Importer: Dm Green Energy),8,16.0,,-50.0,
2024-04-01,Daimler Ag,8,9.0,18.0,-11.11,-55.56
2024-04-01,Tunwal E Motors Pvt Ltd,7,20.0,32.0,-65.0,-78.12
2024-04-01,Deep Drawn Technologies,7,21.0,6.0,-66.67,16.67
2024-04-01,Aparna Industries,6,50.0,81.0,-88.0,-92.59
2024-04-01,Vikash Engineering Works,6,,,,
2024-04-01,Vina Engineering Works,6,8.0,15.0,-25.0,-60.0
2024-04-01,Aakk Auto Pvt Ltd,6,,,,
2024-04-01,Vorc Motors Pvt Ltd,6,,,,
2024-04-01,Aditya Agro Industries,6,46.0,78.0,-86.96,-92.31
2024-04-01,Dulevo India Pvt Ltd,6,28.0,24.0,-78.57,-75.0
2024-04-01,Waken Multitech Pvt Ltd,6,3.0,18.0,100.0,-66.67
2024-04-01,Shiv Shakti Enterprise,6,4.0,,50.0,
2024-04-01,Anchi Motorcycle(Importer:Green Fuel Alternatives),6,4.0,3.0,50.0,100.0
2024-04-01,Bijnor Enterprises,6,16.0,24.0,-62.5,-75.0
2024-04-01,"Durga&Durga Engg Works,Bhmpur",6,10.0,11.0,-40.0,-45.45
2024-04-01,Arna Electric Auto Pvt Ltd,6,130.0,403.0,-95.38,-98.51
2024-04-01,Swarnchakra Automobiles Pvt Ltd,6,2.0,16.0,200.0,-62.5
2024-04-01,Tratico Engineering India Pvt Ltd,6,9.0,1.0,-33.33,500.0
2024-04-01,Shriniwas Agro Industries,6,26.0,66.0,-76.92,-90.91
2024-04-01,Aston Martin Lagonda Ltd,6,4.0,9.0,50.0,-33.33
2024-04-01,D.K. Motors,6,,,,
2024-04-01,Escorts Tractors Ltd,6,18.0,,-66.67,
2024-04-01,Shri Vijay Engineering Works,6,6.0,3.0,0.0,100.0
2024-04-01,Shri Shivaji Eng Works,6,10.0,3.0,-40.0,100.0
2024-04-01,Babaji Engineering Trailor Works,6,24.0,,-75.0,
2024-04-01,Balaji Trading Company,6,24.0,,-75.0,
2024-04-01,Shri Vadeshwar Trailors,6,6.0,33.0,0.0,-81.82
2024-04-01,Ashok Leyland Defence Systems Ltd,6,102.0,96.0,-94.12,-93.75
2024-04-01,"M/S Subham Engineering Workshop, Baliapal, Balasore",6,14.0,65.0,-57.14,-90.77
2024-04-01,S R Agriculture Equipments Co (P) Ltd,6,6.0,6.0,0.0,0.0
2024-04-01,M/S Javed Steel Industries,6,8.0,9.0,-25.0,-33.33
2024-04-01,Jiwan Agricultural Implements Workshop Cis Ltd,6,6.0,9.0,0.0,-33.33
2024-04-01,M/S Das Engineering Workshop,6,16.0,,-62.5,
2024-04-01,Panther Electric Vehicles,6,30.0,54.0,-80.0,-88.89
2024-04-01,Green Valley Motors,6,3.0,12.0,100.0,-50.0
2024-04-01,J. S. Agro Industries,6,3.0,,100.0,
2024-04-01,New Deve Agro Works,6,28.0,36.0,-78.57,-83.33
2024-04-01,Guru Nanak Agri Works,6,32.0,45.0,-81.25,-86.67
2024-04-01,Regeneration E Bikes,6,4.0,,50.0,
2024-04-01,M/S. Pallavi Industries,6,2.0,,200.0,
2024-04-01,International Cars & Motors Limited,6,14.0,75.0,-57.14,-92.0
2024-04-01,Lotay Agro Tech,6,12.0,36.0,-50.0,-83.33
2024-04-01,K. S. Industries,6,10.0,,-40.0,
2024-04-01,Satnam Engg Works,6,2.0,21.0,200.0,-71.43
2024-04-01,Satrac Engineering Pvt Ltd,6,14.0,240.0,-57.14,-97.5
2024-04-01,Ramji Agro Industries,6,4.0,10.0,50.0,-40.0
2024-04-01,Kadeseetla Aashirwad Gp Industries Pvt Ltd,6,2.0,,200.0,
2024-04-01,Holland Tractors Pvt Ltd,6,8.0,10.0,-25.0,-40.0
2024-04-01,Matharu Engineering Works,6,20.0,15.0,-70.0,-60.0
2024-04-01,Propel Industries Pvt. Ltd.,6,7.0,3.0,-14.29,100.0
2024-04-01,Shammi Electronics,6,24.0,21.0,-75.0,-71.43
2024-04-01,M H Agriculture Works,6,11.0,45.0,-45.45,-86.67
2024-04-01,Hitech Mechanical Works,6,2.0,9.0,200.0,-33.33
2024-04-01,Mirakle 5 Automobiles Pvt Ltd,6,16.0,89.0,-62.5,-93.26
2024-04-01,Nisiki Technologies Pvt Ltd,6,34.0,186.0,-82.35,-96.77
2024-04-01,Kanha Electric Vehicles,6,,,,
2024-04-01,Kamal Coach Works Pvt Ltd,6,3.0,,100.0,
2024-04-01,Kirti Solar Ltd,6,6.0,50.0,0.0,-88.0
2024-04-01,G. M. Vehicle Industries,6,24.0,36.0,-75.0,-83.33
2024-04-01,Kalinga Ventures India Pvt Ltd,6,12.0,54.0,-50.0,-88.89
2024-04-01,Kissan Agro Industries,6,10.0,27.0,-40.0,-77.78
2024-04-01,Yangguang Lingmu (Importer: Remark Electric),5,21.0,28.0,-76.19,-82.14
2024-04-01,Youyaku Electric (Importer:Krishika Ev India),5,50.0,,-90.0,
2024-04-01,Leopan Motors Private Limited,5,3.0,10.0,66.67,-50.0
2024-04-01,Altius Ev Tech Pvt Ltd,5,18.0,31.0,-72.22,-83.87
2024-04-01,"Basudeb Engineering, Cuttack",4,6.0,24.0,-33.33,-83.33
2024-04-01,Dabasiya Loaders,4,2.0,,100.0,
2024-04-01,V.V.A.Auto Industries Pvt.Ltd,4,2.0,33.0,100.0,-87.88
2024-04-01,Wuxi Saige (Importer: E-Vishwa Electobike),4,4.0,13.0,0.0,-69.23
2024-04-01,Chaany Agro Industries,4,24.0,7.0,-83.33,-42.86
2024-04-01,Izanau Electric Llp,4,18.0,60.0,-77.78,-93.33
2024-04-01,Nazar Singh & Sons,4,26.0,51.0,-84.62,-92.16
2024-04-01,Vmp Concrete Equipments Pvt Ltd,4,2.0,6.0,100.0,-33.33
2024-04-01,Polyhose India Private Limited - C E Division,4,3.0,,33.33,
2024-04-01,Kabira Mobility Llp,4,45.0,155.0,-91.11,-97.42
2024-04-01,Houstan Innovation Llp,4,7.0,36.0,-42.86,-88.89
2024-04-01,Wuxi Tenghui (Importer: Franklin Ev India),4,6.0,,-33.33,
2024-04-01,Autohaus Private Limited,4,18.0,194.0,-77.78,-97.94
2024-04-01,Karma Mechanical Works,4,34.0,69.0,-88.24,-94.2
2024-04-01,Mclaren Automotive (Importer: Infinity Cars),4,8.0,12.0,-50.0,-66.67
2024-04-01,Marathwada Quality Trailer,4,4.0,21.0,0.0,-80.95
2024-04-01,Prestantia Creations Pvt Ltd,4,18.0,12.0,-77.78,-66.67
2024-04-01,Mb Agro Industries,4,36.0,5.0,-88.89,-20.0
2024-04-01,"Swapna Fabrication Works,Malkangiri",4,4.0,9.0,0.0,-55.56
2024-04-01,Swami Engineering Works,4,12.0,4.0,-66.67,0.0
2024-04-01,Wuxi Tenghui (Importer: Remark Electric),4,4.0,,0.0,
2024-04-01,Vishal Agricultural Works,4,19.0,24.0,-78.95,-83.33
2024-04-01,Pats Motor Corp,4,8.0,33.0,-50.0,-87.88
2024-04-01,Patel Industries,4,6.0,28.0,-33.33,-85.71
2024-04-01,Twashtre Automotive Pvt Ltd,4,6.0,22.0,-33.33,-81.82
2024-04-01,Trimurti Agro Industries,4,18.0,3.0,-77.78,33.33
2024-04-01,Tulsi Trailer,4,6.0,6.0,-33.33,-33.33
2024-04-01,Kushal Agro Ind,4,46.0,27.0,-91.3,-85.19
2024-04-01,Ngage Wheel Pvt Ltd,4,13.0,45.0,-69.23,-91.11
2024-04-01,Surya Steel Works,4,24.0,,-83.33,
2024-04-01,Tsr Trade Com,4,4.0,15.0,0.0,-73.33
2024-04-01,Bhagat Agro Industries,4,7.0,11.0,-42.86,-63.64
2024-04-01,Ferrari India Private Limited,4,4.0,21.0,0.0,-80.95
2024-04-01,Jiangsu Aima (Importer: Quantum Energy),4,16.0,558.0,-75.0,-99.28
2024-04-01,Jayati Tools,4,4.0,,0.0,
2024-04-01,"Maa Mangala Enterprises,Sng",4,3.0,6.0,33.33,-33.33
2024-04-01,New Golden Agriculture,4,2.0,7.0,100.0,-42.86
2024-04-01,Tps Infrastructure Ltd,4,14.0,21.0,-71.43,-80.95
2024-04-01,Omjay Ev Limited,4,14.0,66.0,-71.43,-93.94
2024-04-01,Pace Agro Private Limited,4,10.0,18.0,-60.0,-77.78
2024-04-01,Unipave Engineering Products,4,4.0,3.0,0.0,33.33
2024-04-01,Tirupati Agro Industries,4,3.0,52.0,33.33,-92.31
2024-04-01,Baili Motor (Importer:A B Motoss Ev Pvt Ltd),4,2.0,,100.0,
2024-04-01,Tirth Hygiene Technology Pvt Ltd,4,3.0,40.0,33.33,-90.0
2024-04-01,Bsms Agriculture Workshop,4,24.0,45.0,-83.33,-91.11
2024-04-01,New Super Quality Trailor,4,76.0,18.0,-94.74,-77.78
2024-04-01,Ferrari Spa,4,6.0,24.0,-33.33,-83.33
2024-04-01,Wuxi Tenghui (Importer: Radha Mobilities Llp),4,8.0,,-50.0,
2024-04-01,"Deepti Engineering And Iron And Steel Industry, Malkangiri",4,20.0,6.0,-80.0,-33.33
2024-04-01,Sajeda Engineering Bhawanipatna,4,4.0,3.0,0.0,33.33
2024-04-01,Yangguang Lingmu (Importer: Xwls Electric),4,18.0,,-77.78,
2024-04-01,Solanke Engineering Works,4,2.0,9.0,100.0,-55.56
2024-04-01,"M/S Patel & Sons Engineering Works,Sambalpur",4,18.0,18.0,-77.78,-77.78
2024-04-01,Ebuzz Mobility Llp,4,14.0,9.0,-71.43,-55.56
2024-04-01,Laxmi Engineering Workshop,4,2.0,,100.0,
2024-04-01,Sityog Engineering Pvt Ltd,4,6.0,1.0,-33.33,300.0
2024-04-01,Electreca Vehicles,4,72.0,69.0,-94.44,-94.2
2024-04-01,Sahara Traliors,4,4.0,3.0,0.0,33.33
2024-04-01,M/S Hota Agro (Trailer),4,4.0,6.0,0.0,-33.33
2024-04-01,Sai Sameer Power Electric Vehicles Pvt Ltd,4,10.0,6.0,-60.0,-33.33
2024-04-01,Escorts Construction Equipment Ltd,4,16.0,185.0,-75.0,-97.84
2024-04-01,Gian Agro Industries,4,8.0,24.0,-50.0,-83.33
2024-04-01,"Durga Agro Engg,Balasore",4,10.0,10.0,-60.0,-60.0
2024-04-01,Ganesh Agro Industries,4,16.0,6.0,-75.0,-33.33
2024-04-01,Shri Nandi Trailer Works,4,6.0,7.0,-33.33,-42.86
2024-04-01,A1 Heavy Equipments Developer,4,14.0,32.0,-71.43,-87.5
2024-04-01,"Satyasai Industries,Dhenkanal",4,2.0,13.0,100.0,-69.23
2024-04-01,Saya Agro Industries,4,6.0,21.0,-33.33,-80.95
2024-04-01,Zhejiang Luyuan (Importer: Dynam Ev Tech),4,8.0,30.0,-50.0,-86.67
2024-04-01,Sbtek E Moto Pvt Ltd,4,8.0,18.0,-50.0,-77.78
2024-04-01,M S Agro Industries,4,4.0,65.0,0.0,-93.85
2024-04-01,Frn Motors Pvt Ltd,4,,,,
2024-04-01,Farmtech Agro Industries,4,18.0,19.0,-77.78,-78.95
2024-04-01,Shehalpreet Engg Works,4,45.0,60.0,-91.11,-93.33
2024-04-01,Gurm Agriculture Works,4,2.0,23.0,100.0,-82.61
2024-04-01,Gobind Industries Pvt Ltd,4,6.0,38.0,-33.33,-89.47
2024-04-01,Maserati S.P.A,4,2.0,15.0,100.0,-73.33
2024-04-01,Ravindra Agro Works,4,6.0,20.0,-33.33,-80.0
2024-04-01,Dhar International,4,10.0,36.0,-60.0,-88.89
2024-04-01,Albedo Vision Pvt Ltd,4,27.0,27.0,-85.19,-85.19
2024-04-01,Super Standard Agro Combine,4,5.0,10.0,-20.0,-60.0
2024-04-01,Ram Chand & Sons,4,26.0,45.0,-84.62,-91.11
2024-04-01,Hardev Agro Tech,4,20.0,18.0,-80.0,-77.78
2024-04-01,Ajay Enterprises,4,4.0,19.0,0.0,-78.95
2024-04-01,R B Industries,4,3.0,18.0,33.33,-77.78
2024-04-01,Hi-Tech Industries,4,28.0,147.0,-85.71,-97.28
2024-04-01,M/S Sarma Engineering Works,4,12.0,,-66.67,
2024-04-01,Rama Industries,4,26.0,,-84.62,
2024-04-01,Dhiman Agriculture,4,16.0,9.0,-75.0,-55.56
2024-04-01,Durga Engineering Works,3,27.0,87.0,-88.89,-96.55
2024-04-01,Nirmal Utility Services Pvt Ltd,3,6.0,9.0,-50.0,-66.67
2024-04-01,Diligent Mobility Service Pvt Ltd,3,,,,
2024-04-01,Xyz2,3,93.0,4.0,-96.77,-25.0
2024-04-01,Aaditya Garbage Products Pvt Ltd,3,9.0,50.0,-66.67,-94.0
2024-04-01,Anoop Cylinders Pvt Ltd,3,8.0,,-62.5,
2024-04-01,Skoda Auto India Pvt Ltd,3,14.0,15.0,-78.57,-80.0
2024-04-01,New Holland Construction Equipment(I) Pvt.Ltd.,3,6.0,7.0,-50.0,-57.14
2024-04-01,Asav Automotive Pvt Ltd,3,,,,
2024-04-01,Yangguang Lingmu (Importer: Ecoindia),3,6.0,,-50.0,
2024-04-01,J.C. Bamford Excavators Limited,3,3.0,11.0,0.0,-72.73
2024-04-01,Krishna Agro Engi,2,3.0,42.0,-33.33,-95.24
2024-04-01,Liebherr,2,4.0,36.0,-50.0,-94.44
2024-04-01,Adapt Motors Pvt Ltd,2,2.0,3.0,0.0,-33.33
2024-04-01,A R Agro Tech,2,20.0,,-90.0,
2024-04-01,A-1 Sureja Industries,2,2.0,,0.0,
2024-04-01,Lal Agro Industries,2,8.0,3.0,-75.0,-33.33
2024-04-01,Zhejiang Tianying (Importer: Newtron Electric),2,10.0,63.0,-80.0,-96.83
2024-04-01,Kesar Road Equipments(I) Pvt Ltd,2,5.0,,-60.0,
2024-04-01,Mahindra Gujarat Tractor Limited,2,3.0,17.0,-33.33,-88.24
2024-04-01,Ketron Electric Vehicles Pvt Ltd,2,,,,
2024-04-01,Volkswagen India Pvt Ltd,2,8.0,21.0,-75.0,-90.48
2024-04-01,Anvita Auto Tech Works Pvt Ltd,2,4.0,33.0,-50.0,-93.94
2024-04-01,"M/S Akriti,Bamra",2,5.0,3.0,-60.0,-33.33
2024-04-01,A.B. Agro Engineering Works,2,,,,
2024-04-01,Lal Chand Agriculture Works,2,4.0,6.0,-50.0,-66.67
2024-04-01,M/S Shri Datta Welding Works,2,18.0,104.0,-88.89,-98.08
2024-04-01,Mali Enterprises Pvt Ltd,2,2.0,9.0,0.0,-77.78
2024-04-01,Agro Trailers Ap312870751,2,,,,
2024-04-01,Wuxi Tenghui (Importer: Bohre Electric),2,10.0,,-80.0,
2024-04-01,Youyaku Electric (Importer: Shema E-Vehicle),2,2.0,,0.0,
2024-04-01,Yagyapriyaa Construction Equipment India Pvt Ltd,2,2.0,18.0,0.0,-88.89
2024-04-01,Maa Durga Electric Motor Vehicle Pvt Ltd,2,18.0,,-88.89,
2024-04-01,Yash Agro Engineering Works,2,9.0,16.0,-77.78,-87.5
2024-04-01,Wuxi Nooma (Importer: Smartnk Electric Vehicle),2,2.0,9.0,0.0,-77.78
2024-04-01,"M/S. Venkat Engineering Works, Jaipatna",2,4.0,6.0,-50.0,-66.67
2024-04-01,Lakshmi Engineering Works,2,,,,
2024-04-01,M/S Nandi Engineering Works,2,10.0,,-80.0,
2024-04-01,Anchi Motorcycle (Importer: Evnexus Pvt. Ltd.),2,2.0,,0.0,
2024-04-01,L & T Case Equipment Pvt Ltd,2,13.0,9.0,-84.62,-77.78
2024-04-01,Willys India Ltd,2,3.0,6.0,-33.33,-66.67
2024-04-01,"Afzal Engg Works,Junagarh",2,3.0,24.0,-33.33,-91.67
2024-04-01,Maa Tarini Engineering,2,14.0,9.0,-85.71,-77.78
2024-04-01,Maaa Manasa Trailor Works,2,4.0,,-50.0,
2024-04-01,M/S S.S. Agro Industries,2,21.0,8.0,-90.48,-75.0
2024-04-01,Youyaku Electric (Importer: Tvisi Electric),2,7.0,,-71.43,
2024-04-01,Lexus Motors Ltd,2,2.0,1.0,0.0,100.0
2024-04-01,M/S-Shradha Industries,2,10.0,21.0,-80.0,-90.48
2024-04-01,Adris Electric Pvt Ltd,2,14.0,21.0,-85.71,-90.48
2024-04-01,Mahabir Industries,2,4.0,9.0,-50.0,-77.78
2024-04-01,Mahesh Engineering Works,2,19.0,35.0,-89.47,-94.29
2024-04-01,Lakshya Motors,2,16.0,11.0,-87.5,-81.82
2024-04-01,Vst Zetor Pvt Ltd,2,,,,
2024-04-01,Wuxi Shengbao (Importer:Shema E-Vehicle),2,,,,
2024-04-01,Krup P,2,3.0,6.0,-33.33,-66.67
2024-04-01,Zap (Importer:Ellysium Automotives Pvt Ltd),2,10.0,33.0,-80.0,-93.94
2024-04-01,Adishakti Tractors,2,6.0,96.0,-66.67,-97.92
2024-04-01,Krishna Industries,2,6.0,12.0,-66.67,-83.33
2024-04-01,Truz Industries,2,4.0,2.0,-50.0,0.0
2024-04-01,Kawasaki Heavy Industries Ltd,2,3.0,8.0,-33.33,-75.0
2024-04-01,"S.N.Engineering, Cuttack",2,,,,
2024-04-01,Gobind Motor Garage,2,6.0,6.0,-66.67,-66.67
2024-04-01,Smap Vehicles (Importer: Elego Motors),2,2.0,,0.0,
2024-04-01,"Gopal Agro Agency,Haladiapadar,Berhampur,Ganjam",2,2.0,3.0,0.0,-33.33
2024-04-01,Govind Motor Garrage,2,50.0,42.0,-96.0,-95.24
2024-04-01,Rooprai Agro Industries,2,4.0,12.0,-50.0,-83.33
2024-04-01,Sonalika International Tractors Limited,2,14.0,45.0,-85.71,-95.56
2024-04-01,Rolls-Royce Motor Cars(Importer:Select Cars P Ltd),2,12.0,12.0,-83.33,-83.33
2024-04-01,Sri Sai Engineering Works Ap235640703,2,,,,
2024-04-01,"Durga & Durga Eng Works, Haladiapadar, Ganjam",2,6.0,9.0,-66.67,-77.78
2024-04-01,Ssv Technologies,2,10.0,,-80.0,
2024-04-01,H-D Motor Company India Pvt Ltd,2,3.0,5.0,-33.33,-60.0
2024-04-01,Dodge Motors,2,3.0,2.0,-33.33,0.0
2024-04-01,Rasiwasia Rasayan Pvt Ltd,2,4.0,7.0,-50.0,-71.43
2024-04-01,Dhiman Agriculture Works,2,3.0,16.0,-33.33,-87.5
2024-04-01,Rahul Agro Exports Pvt Ltd,2,58.0,108.0,-96.55,-98.15
2024-04-01,Hemavathi Agro Industries,2,10.0,9.0,-80.0,-77.78
2024-04-01,Dev Agro Industries,2,8.0,12.0,-75.0,-83.33
2024-04-01,Eicher Motors Ltd,2,22.0,36.0,-90.91,-94.44
2024-04-01,Sagar Industries,2,24.0,19.0,-91.67,-89.47
2024-04-01,Maurya Motors Pvt Ltd,2,,,,
2024-04-01,Gill Mechanical Works,2,4.0,7.0,-50.0,-71.43
2024-04-01,Fine Equipments India Pvt Ltd,2,4.0,9.0,-50.0,-77.78
2024-04-01,Shivaji Agro Industries,2,20.0,12.0,-90.0,-83.33
2024-04-01,Sglline Motors Pvt Ltd,2,38.0,3.0,-94.74,-33.33
2024-04-01,Sf2 E Vehicle Pvt Ltd,2,7.0,51.0,-71.43,-96.08
2024-04-01,Shivshakti Steel Industries Latur,2,6.0,297.0,-66.67,-99.33
2024-04-01,Fujiyama Power Infra Pvt. Ltd.,2,6.0,9.0,-66.67,-77.78
2024-04-01,Shreya Engineers,2,4.0,17.0,-50.0,-88.24
2024-04-01,Shri Durga Equipment,2,,,,
2024-04-01,Shri Ram Agro Industries,2,2.0,6.0,0.0,-66.67
2024-04-01,Shri Ram Trailor,2,8.0,6.0,-75.0,-66.67
2024-04-01,Satkartar Agro Works,2,42.0,9.0,-95.24,-77.78
2024-04-01,Saravana Engineering Works,2,4.0,303.0,-50.0,-99.34
2024-04-01,General Motors India Pvt Ltd,2,13.0,6.0,-84.62,-66.67
2024-04-01,Sainik Cycle Mart,2,8.0,39.0,-75.0,-94.87
2024-04-01,Enigma Automobiles Pvt Ltd,2,8.0,,-75.0,
2024-04-01,"Sai Engineering,Mahipur",2,,,,
2024-04-01,Sai Agro Industries,2,8.0,6.0,-75.0,-66.67
2024-04-01,Quality Engineering Work,2,6.0,34.0,-66.67,-94.12
2024-04-01,Punjab Hydrolic & Engineers,2,6.0,,-66.67,
2024-04-01,Prince Agro Works,2,7.0,10.0,-71.43,-80.0
2024-04-01,Swastik Engineering Works,2,10.0,12.0,-80.0,-83.33
2024-04-01,Jiangsu Dalong (Importer: Engtian Electric),2,4.0,6.0,-50.0,-66.67
2024-04-01,Jiangsu Guowei (Importer: Reveal Electric),2,10.0,43.0,-80.0,-95.35
2024-04-01,Jiangsu Xinri E-Vehicle(Importer Swift Cur.Tech.),2,18.0,75.0,-88.89,-97.33
2024-04-01,Twin Green Tech Pvt Ltd,2,,,,
2024-04-01,Tyst Drive India Pvt Ltd,2,10.0,24.0,-80.0,-91.67
2024-04-01,John Deere India Pvt Ltd(Crop Solution Div),2,36.0,81.0,-94.44,-97.53
2024-04-01,Joyram Steel Fabrication Works,2,9.0,21.0,-77.78,-90.48
2024-04-01,Autolite (India) Limited,2,3.0,124.0,-33.33,-98.39
2024-04-01,Valdo Tractors Pvt Ltd,2,8.0,,-75.0,
2024-04-01,Aum Engineering And Works,2,10.0,4.0,-80.0,-50.0
2024-04-01,Vashan Agriculture Works,2,4.0,18.0,-50.0,-88.89
2024-04-01,Kailash Welding Work Ap1913663560,2,,,,
2024-04-01,Kaiser Willys Jeep,2,1.0,,100.0,
2024-04-01,"Ashok Fabric & Engg,Rairakhol",2,6.0,4.0,-66.67,-50.0
2024-04-01,Microautotech Pvt. Ltd.,2,2.0,,0.0,
2024-04-01,Vijayalakshimi Engg Works,2,2.0,14.0,0.0,-85.71
2024-04-01,Vijayalakshmi Industries,2,6.0,7.0,-66.67,-71.43
2024-04-01,Bharath Agro Products,2,8.0,6.0,-75.0,-66.67
2024-04-01,Jay Bhavani Trailor,2,16.0,6.0,-87.5,-66.67
2024-04-01,Om Shree Sai Engineering,2,10.0,21.0,-80.0,-90.48
2024-04-01,Ishwar Farmline Equipments Pvt Ltd,2,20.0,59.0,-90.0,-96.61
2024-04-01,Pratyaksha Tractors Pvt Ltd,2,2.0,,0.0,
2024-04-01,Homfeel Vegh Automobiles Pvt Ltd,2,2.0,,0.0,
2024-04-01,T Anil Kumar Reddy Ap66060052023,2,,,,
2024-04-01,Pragati Agriculture,2,3.0,1.0,-33.33,100.0
2024-04-01,Tao Power Private Limited,2,15.0,7.0,-86.67,-71.43
2024-04-01,Creative Engineerings,2,3.0,9.0,-33.33,-77.78
2024-04-01,Poddar Industries,2,3.0,16.0,-33.33,-87.5
2024-04-01,Channy Agro Industries,2,14.0,9.0,-85.71,-77.78
2024-04-01,Omega Construction Equipment Pvt Ltd,2,11.0,21.0,-81.82,-90.48
2024-04-01,Pauniya Tractors And Farm Equipment Pvt Ltd,2,9.0,12.0,-77.78,-83.33
2024-04-01,Paul Industries,2,10.0,12.0,-80.0,-83.33
2024-04-01,Tirupati Distributor,2,2.0,,0.0,
2024-04-01,Blix Cycles And E-Vehicles Pvt Ltd,2,7.0,41.0,-71.43,-95.12
2024-04-01,Jadhav Agro Industries Pvt. Ltd.,2,3.0,15.0,-33.33,-86.67
2024-04-01,Traclaxx Tractors Pvt Ltd,2,15.0,228.0,-86.67,-99.12
2024-04-01,Jai Durga Trailers,2,4.0,,-50.0,
2024-04-01,Lotey Agriculture Works,2,6.0,51.0,-66.67,-96.08
